,annotation_id,policy_id,segment_id,data_practice,label,selected_text,content_json,start,end
0,C2542,3732,0,Introductory/Generic,9,Privacy Policy,"{""Other Type"": {""endIndexInSegment"": 14, ""startIndexInSegment"": 0, ""selectedText"": ""Privacy Policy"", ""value"": ""Introductory/Generic""}}",0,14
1,C2543,3732,1,First Party Collection/Use,0,"In some areas, however, you may choose services that require you to provide us with information by which you can be identified.","{""Collection Mode"": {""endIndexInSegment"": 321, ""startIndexInSegment"": 194, ""selectedText"": ""In some areas, however, you may choose services that require you to provide us with information by which you can be identified."", ""value"": ""Explicit""}, ""Choice Scope"": {""endIndexInSegment"": -1, ""startIndexInSegment"": -1, ""value"": ""Unspecified""}, ""Action First-Party"": {""endIndexInSegment"": 321, ""startIndexInSegment"": 194, ""selectedText"": ""In some areas, however, you may choose services that require you to provide us with information by which you can be identified."", ""value"": ""Collect on website""}, ""Personal Information Type"": {""endIndexInSegment"": -1, ""startIndexInSegment"": -1, ""value"": ""Unspecified""}, ""Choice Type"": {""endIndexInSegment"": -1, ""startIndexInSegment"": -1, ""value"": ""Unspecified""}, ""Identifiability"": {""endIndexInSegment"": 321, ""startIndexInSegment"": 279, ""selectedText"": ""nformation by which you can be identified."", ""value"": ""Identifiable""}, ""Does/Does Not"": {""endIndexInSegment"": 321, ""startIndexInSegment"": 194, ""selectedText"": ""In some areas, however, you may choose services that require you to provide us with information by which you can be identified."", ""value"": ""Does""}, ""User Type"": {""endIndexInSegment"": -1, ""startIndexInSegment"": -1, ""value"": ""Unspecified""}, ""Purpose"": {""endIndexInSegment"": -1, ""startIndexInSegment"": -1, ""value"": ""Unspecified""}}",194,321
2,C2543,3732,1,First Party Collection/Use,0,"In some areas, however, you may choose services that require you to provide us with information by which you can be identified.","{""Collection Mode"": {""endIndexInSegment"": 321, ""startIndexInSegment"": 194, ""selectedText"": ""In some areas, however, you may choose services that require you to provide us with information by which you can be identified."", ""value"": ""Explicit""}, ""Choice Scope"": {""endIndexInSegment"": -1, ""startIndexInSegment"": -1, ""value"": ""Unspecified""}, ""Action First-Party"": {""endIndexInSegment"": 321, ""startIndexInSegment"": 194, ""selectedText"": ""In some areas, however, you may choose services that require you to provide us with information by which you can be identified."", ""value"": ""Collect on website""}, ""Personal Information Type"": {""endIndexInSegment"": -1, ""startIndexInSegment"": -1, ""value"": ""Unspecified""}, ""Choice Type"": {""endIndexInSegment"": -1, ""startIndexInSegment"": -1, ""value"": ""Unspecified""}, ""Identifiability"": {""endIndexInSegment"": 321, ""startIndexInSegment"": 279, ""selectedText"": ""nformation by which you can be identified."", ""value"": ""Identifiable""}, ""Does/Does Not"": {""endIndexInSegment"": 321, ""startIndexInSegment"": 194, ""selectedText"": ""In some areas, however, you may choose services that require you to provide us with information by which you can be identified."", ""value"": ""Does""}, ""User Type"": {""endIndexInSegment"": -1, ""startIndexInSegment"": -1, ""value"": ""Unspecified""}, ""Purpose"": {""endIndexInSegment"": -1, ""startIndexInSegment"": -1, ""value"": ""Unspecified""}}",194,321
3,C2543,3732,1,First Party Collection/Use,0,nformation by which you can be identified.,"{""Collection Mode"": {""endIndexInSegment"": 321, ""startIndexInSegment"": 194, ""selectedText"": ""In some areas, however, you may choose services that require you to provide us with information by which you can be identified."", ""value"": ""Explicit""}, ""Choice Scope"": {""endIndexInSegment"": -1, ""startIndexInSegment"": -1, ""value"": ""Unspecified""}, ""Action First-Party"": {""endIndexInSegment"": 321, ""startIndexInSegment"": 194, ""selectedText"": ""In some areas, however, you may choose services that require you to provide us with information by which you can be identified."", ""value"": ""Collect on website""}, ""Personal Information Type"": {""endIndexInSegment"": -1, ""startIndexInSegment"": -1, ""value"": ""Unspecified""}, ""Choice Type"": {""endIndexInSegment"": -1, ""startIndexInSegment"": -1, ""value"": ""Unspecified""}, ""Identifiability"": {""endIndexInSegment"": 321, ""startIndexInSegment"": 279, ""selectedText"": ""nformation by which you can be identified."", ""value"": ""Identifiable""}, ""Does/Does Not"": {""endIndexInSegment"": 321, ""startIndexInSegment"": 194, ""selectedText"": ""In some areas, however, you may choose services that require you to provide us with information by which you can be identified."", ""value"": ""Does""}, ""User Type"": {""endIndexInSegment"": -1, ""startIndexInSegment"": -1, ""value"": ""Unspecified""}, ""Purpose"": {""endIndexInSegment"": -1, ""startIndexInSegment"": -1, ""value"": ""Unspecified""}}",279,321
4,C2543,3732,1,First Party Collection/Use,0,"In some areas, however, you may choose services that require you to provide us with information by which you can be identified.","{""Collection Mode"": {""endIndexInSegment"": 321, ""startIndexInSegment"": 194, ""selectedText"": ""In some areas, however, you may choose services that require you to provide us with information by which you can be identified."", ""value"": ""Explicit""}, ""Choice Scope"": {""endIndexInSegment"": -1, ""startIndexInSegment"": -1, ""value"": ""Unspecified""}, ""Action First-Party"": {""endIndexInSegment"": 321, ""startIndexInSegment"": 194, ""selectedText"": ""In some areas, however, you may choose services that require you to provide us with information by which you can be identified."", ""value"": ""Collect on website""}, ""Personal Information Type"": {""endIndexInSegment"": -1, ""startIndexInSegment"": -1, ""value"": ""Unspecified""}, ""Choice Type"": {""endIndexInSegment"": -1, ""startIndexInSegment"": -1, ""value"": ""Unspecified""}, ""Identifiability"": {""endIndexInSegment"": 321, ""startIndexInSegment"": 279, ""selectedText"": ""nformation by which you can be identified."", ""value"": ""Identifiable""}, ""Does/Does Not"": {""endIndexInSegment"": 321, ""startIndexInSegment"": 194, ""selectedText"": ""In some areas, however, you may choose services that require you to provide us with information by which you can be identified."", ""value"": ""Does""}, ""User Type"": {""endIndexInSegment"": -1, ""startIndexInSegment"": -1, ""value"": ""Unspecified""}, ""Purpose"": {""endIndexInSegment"": -1, ""startIndexInSegment"": -1, ""value"": ""Unspecified""}}",194,321
5,C2544,3732,1,Introductory/Generic,9,"The GW Medical Faculty Associates (MFA) is committed to respecting your privacy. In general, you can visit The MFA on the Web without identifying yourself or revealing any personal information. In some areas, however, you may choose services that require you to provide us with information by which you can be identified. Once any personally identifiable information is received, you can be assured that it will only be used to support your relationship with the MFA.","{""Other Type"": {""endIndexInSegment"": 467, ""startIndexInSegment"": 0, ""selectedText"": ""The GW Medical Faculty Associates (MFA) is committed to respecting your privacy. In general, you can visit The MFA on the Web without identifying yourself or revealing any personal information. In some areas, however, you may choose services that require you to provide us with information by which you can be identified. Once any personally identifiable information is received, you can be assured that it will only be used to support your relationship with the MFA."", ""value"": ""Introductory/Generic""}}",0,467
6,C2545,3732,2,First Party Collection/Use,0,"Specifically, we use your information to communicate back to you, to update you on services and benefits, and to personalize our website for you.","{""Collection Mode"": {""endIndexInSegment"": 265, ""startIndexInSegment"": 120, ""selectedText"": ""Specifically, we use your information to communicate back to you, to update you on services and benefits, and to personalize our website for you."", ""value"": ""Unspecified""}, ""Choice Scope"": {""endIndexInSegment"": -1, ""startIndexInSegment"": -1, ""value"": ""Unspecified""}, ""Action First-Party"": {""endIndexInSegment"": 47, ""startIndexInSegment"": 13, ""selectedText"": ""the information collected from you"", ""value"": ""Collect on website""}, ""Personal Information Type"": {""endIndexInSegment"": -1, ""startIndexInSegment"": -1, ""value"": ""Unspecified""}, ""Choice Type"": {""endIndexInSegment"": -1, ""startIndexInSegment"": -1, ""value"": ""Unspecified""}, ""Identifiability"": {""endIndexInSegment"": -1, ""startIndexInSegment"": -1, ""value"": ""Unspecified""}, ""Does/Does Not"": {""endIndexInSegment"": 265, ""startIndexInSegment"": 120, ""selectedText"": ""Specifically, we use your information to communicate back to you, to update you on services and benefits, and to personalize our website for you."", ""value"": ""Does""}, ""User Type"": {""endIndexInSegment"": -1, ""startIndexInSegment"": -1, ""value"": ""Unspecified""}, ""Purpose"": {""endIndexInSegment"": 265, ""startIndexInSegment"": 230, ""selectedText"": ""to personalize our website for you."", ""value"": ""Personalization/Customization""}}",120,265
7,C2545,3732,2,First Party Collection/Use,0,the information collected from you,"{""Collection Mode"": {""endIndexInSegment"": 265, ""startIndexInSegment"": 120, ""selectedText"": ""Specifically, we use your information to communicate back to you, to update you on services and benefits, and to personalize our website for you."", ""value"": ""Unspecified""}, ""Choice Scope"": {""endIndexInSegment"": -1, ""startIndexInSegment"": -1, ""value"": ""Unspecified""}, ""Action First-Party"": {""endIndexInSegment"": 47, ""startIndexInSegment"": 13, ""selectedText"": ""the information collected from you"", ""value"": ""Collect on website""}, ""Personal Information Type"": {""endIndexInSegment"": -1, ""startIndexInSegment"": -1, ""value"": ""Unspecified""}, ""Choice Type"": {""endIndexInSegment"": -1, ""startIndexInSegment"": -1, ""value"": ""Unspecified""}, ""Identifiability"": {""endIndexInSegment"": -1, ""startIndexInSegment"": -1, ""value"": ""Unspecified""}, ""Does/Does Not"": {""endIndexInSegment"": 265, ""startIndexInSegment"": 120, ""selectedText"": ""Specifically, we use your information to communicate back to you, to update you on services and benefits, and to personalize our website for you."", ""value"": ""Does""}, ""User Type"": {""endIndexInSegment"": -1, ""startIndexInSegment"": -1, ""value"": ""Unspecified""}, ""Purpose"": {""endIndexInSegment"": 265, ""startIndexInSegment"": 230, ""selectedText"": ""to personalize our website for you."", ""value"": ""Personalization/Customization""}}",13,47
8,C2545,3732,2,First Party Collection/Use,0,"Specifically, we use your information to communicate back to you, to update you on services and benefits, and to personalize our website for you.","{""Collection Mode"": {""endIndexInSegment"": 265, ""startIndexInSegment"": 120, ""selectedText"": ""Specifically, we use your information to communicate back to you, to update you on services and benefits, and to personalize our website for you."", ""value"": ""Unspecified""}, ""Choice Scope"": {""endIndexInSegment"": -1, ""startIndexInSegment"": -1, ""value"": ""Unspecified""}, ""Action First-Party"": {""endIndexInSegment"": 47, ""startIndexInSegment"": 13, ""selectedText"": ""the information collected from you"", ""value"": ""Collect on website""}, ""Personal Information Type"": {""endIndexInSegment"": -1, ""startIndexInSegment"": -1, ""value"": ""Unspecified""}, ""Choice Type"": {""endIndexInSegment"": -1, ""startIndexInSegment"": -1, ""value"": ""Unspecified""}, ""Identifiability"": {""endIndexInSegment"": -1, ""startIndexInSegment"": -1, ""value"": ""Unspecified""}, ""Does/Does Not"": {""endIndexInSegment"": 265, ""startIndexInSegment"": 120, ""selectedText"": ""Specifically, we use your information to communicate back to you, to update you on services and benefits, and to personalize our website for you."", ""value"": ""Does""}, ""User Type"": {""endIndexInSegment"": -1, ""startIndexInSegment"": -1, ""value"": ""Unspecified""}, ""Purpose"": {""endIndexInSegment"": 265, ""startIndexInSegment"": 230, ""selectedText"": ""to personalize our website for you."", ""value"": ""Personalization/Customization""}}",120,265
9,C2545,3732,2,First Party Collection/Use,0,to personalize our website for you.,"{""Collection Mode"": {""endIndexInSegment"": 265, ""startIndexInSegment"": 120, ""selectedText"": ""Specifically, we use your information to communicate back to you, to update you on services and benefits, and to personalize our website for you."", ""value"": ""Unspecified""}, ""Choice Scope"": {""endIndexInSegment"": -1, ""startIndexInSegment"": -1, ""value"": ""Unspecified""}, ""Action First-Party"": {""endIndexInSegment"": 47, ""startIndexInSegment"": 13, ""selectedText"": ""the information collected from you"", ""value"": ""Collect on website""}, ""Personal Information Type"": {""endIndexInSegment"": -1, ""startIndexInSegment"": -1, ""value"": ""Unspecified""}, ""Choice Type"": {""endIndexInSegment"": -1, ""startIndexInSegment"": -1, ""value"": ""Unspecified""}, ""Identifiability"": {""endIndexInSegment"": -1, ""startIndexInSegment"": -1, ""value"": ""Unspecified""}, ""Does/Does Not"": {""endIndexInSegment"": 265, ""startIndexInSegment"": 120, ""selectedText"": ""Specifically, we use your information to communicate back to you, to update you on services and benefits, and to personalize our website for you."", ""value"": ""Does""}, ""User Type"": {""endIndexInSegment"": -1, ""startIndexInSegment"": -1, ""value"": ""Unspecified""}, ""Purpose"": {""endIndexInSegment"": 265, ""startIndexInSegment"": 230, ""selectedText"": ""to personalize our website for you."", ""value"": ""Personalization/Customization""}}",230,265
10,5774,3732,2,First Party Collection/Use,0,information,"{""Collection Mode"": {""endIndexInSegment"": -1, ""startIndexInSegment"": -1, ""value"": ""Unspecified""}, ""Choice Scope"": {""endIndexInSegment"": -1, ""startIndexInSegment"": -1, ""value"": ""Unspecified""}, ""Action First-Party"": {""endIndexInSegment"": -1, ""startIndexInSegment"": -1, ""value"": ""Unspecified""}, ""Personal Information Type"": {""endIndexInSegment"": -1, ""startIndexInSegment"": -1, ""value"": ""Unspecified""}, ""Choice Type"": {""endIndexInSegment"": -1, ""startIndexInSegment"": -1, ""value"": ""Unspecified""}, ""Identifiability"": {""endIndexInSegment"": -1, ""startIndexInSegment"": -1, ""value"": ""Unspecified""}, ""Does/Does Not"": {""endIndexInSegment"": 28, ""startIndexInSegment"": 17, ""selectedText"": ""information"", ""value"": ""Does""}, ""User Type"": {""endIndexInSegment"": -1, ""startIndexInSegment"": -1, ""value"": ""Unspecified""}, ""Purpose"": {""endIndexInSegment"": 68, ""startIndexInSegment"": 58, ""selectedText"": ""understand"", ""value"": ""Analytics/Research""}}",17,28
11,5774,3732,2,First Party Collection/Use,0,understand,"{""Collection Mode"": {""endIndexInSegment"": -1, ""startIndexInSegment"": -1, ""value"": ""Unspecified""}, ""Choice Scope"": {""endIndexInSegment"": -1, ""startIndexInSegment"": -1, ""value"": ""Unspecified""}, ""Action First-Party"": {""endIndexInSegment"": -1, ""startIndexInSegment"": -1, ""value"": ""Unspecified""}, ""Personal Information Type"": {""endIndexInSegment"": -1, ""startIndexInSegment"": -1, ""value"": ""Unspecified""}, ""Choice Type"": {""endIndexInSegment"": -1, ""startIndexInSegment"": -1, ""value"": ""Unspecified""}, ""Identifiability"": {""endIndexInSegment"": -1, ""startIndexInSegment"": -1, ""value"": ""Unspecified""}, ""Does/Does Not"": {""endIndexInSegment"": 28, ""startIndexInSegment"": 17, ""selectedText"": ""information"", ""value"": ""Does""}, ""User Type"": {""endIndexInSegment"": -1, ""startIndexInSegment"": -1, ""value"": ""Unspecified""}, ""Purpose"": {""endIndexInSegment"": 68, ""startIndexInSegment"": 58, ""selectedText"": ""understand"", ""value"": ""Analytics/Research""}}",58,68
12,5775,3732,2,First Party Collection/Use,0,information,"{""Collection Mode"": {""endIndexInSegment"": -1, ""startIndexInSegment"": -1, ""value"": ""Unspecified""}, ""Choice Scope"": {""endIndexInSegment"": -1, ""startIndexInSegment"": -1, ""value"": ""Unspecified""}, ""Action First-Party"": {""endIndexInSegment"": -1, ""startIndexInSegment"": -1, ""value"": ""Unspecified""}, ""Personal Information Type"": {""endIndexInSegment"": -1, ""startIndexInSegment"": -1, ""value"": ""Unspecified""}, ""Choice Type"": {""endIndexInSegment"": -1, ""startIndexInSegment"": -1, ""value"": ""Unspecified""}, ""Identifiability"": {""endIndexInSegment"": -1, ""startIndexInSegment"": -1, ""value"": ""Unspecified""}, ""Does/Does Not"": {""endIndexInSegment"": 28, ""startIndexInSegment"": 17, ""selectedText"": ""information"", ""value"": ""Does""}, ""User Type"": {""endIndexInSegment"": -1, ""startIndexInSegment"": -1, ""value"": ""Unspecified""}, ""Purpose"": {""endIndexInSegment"": 118, ""startIndexInSegment"": 87, ""selectedText"": ""provide you with better service"", ""value"": ""Personalization/Customization""}}",17,28
13,5775,3732,2,First Party Collection/Use,0,provide you with better service,"{""Collection Mode"": {""endIndexInSegment"": -1, ""startIndexInSegment"": -1, ""value"": ""Unspecified""}, ""Choice Scope"": {""endIndexInSegment"": -1, ""startIndexInSegment"": -1, ""value"": ""Unspecified""}, ""Action First-Party"": {""endIndexInSegment"": -1, ""startIndexInSegment"": -1, ""value"": ""Unspecified""}, ""Personal Information Type"": {""endIndexInSegment"": -1, ""startIndexInSegment"": -1, ""value"": ""Unspecified""}, ""Choice Type"": {""endIndexInSegment"": -1, ""startIndexInSegment"": -1, ""value"": ""Unspecified""}, ""Identifiability"": {""endIndexInSegment"": -1, ""startIndexInSegment"": -1, ""value"": ""Unspecified""}, ""Does/Does Not"": {""endIndexInSegment"": 28, ""startIndexInSegment"": 17, ""selectedText"": ""information"", ""value"": ""Does""}, ""User Type"": {""endIndexInSegment"": -1, ""startIndexInSegment"": -1, ""value"": ""Unspecified""}, ""Purpose"": {""endIndexInSegment"": 118, ""startIndexInSegment"": 87, ""selectedText"": ""provide you with better service"", ""value"": ""Personalization/Customization""}}",87,118
14,5776,3732,2,First Party Collection/Use,0,information,"{""Collection Mode"": {""endIndexInSegment"": -1, ""startIndexInSegment"": -1, ""value"": ""Unspecified""}, ""Choice Scope"": {""endIndexInSegment"": -1, ""startIndexInSegment"": -1, ""value"": ""Unspecified""}, ""Action First-Party"": {""endIndexInSegment"": -1, ""startIndexInSegment"": -1, ""value"": ""Unspecified""}, ""Personal Information Type"": {""endIndexInSegment"": -1, ""startIndexInSegment"": -1, ""value"": ""Unspecified""}, ""Choice Type"": {""endIndexInSegment"": -1, ""startIndexInSegment"": -1, ""value"": ""Unspecified""}, ""Identifiability"": {""endIndexInSegment"": -1, ""startIndexInSegment"": -1, ""value"": ""Unspecified""}, ""Does/Does Not"": {""endIndexInSegment"": 28, ""startIndexInSegment"": 17, ""selectedText"": ""information"", ""value"": ""Does""}, ""User Type"": {""endIndexInSegment"": -1, ""startIndexInSegment"": -1, ""value"": ""Unspecified""}, ""Purpose"": {""endIndexInSegment"": 172, ""startIndexInSegment"": 161, ""selectedText"": ""communicate"", ""value"": ""Marketing""}}",17,28
15,5776,3732,2,First Party Collection/Use,0,communicate,"{""Collection Mode"": {""endIndexInSegment"": -1, ""startIndexInSegment"": -1, ""value"": ""Unspecified""}, ""Choice Scope"": {""endIndexInSegment"": -1, ""startIndexInSegment"": -1, ""value"": ""Unspecified""}, ""Action First-Party"": {""endIndexInSegment"": -1, ""startIndexInSegment"": -1, ""value"": ""Unspecified""}, ""Personal Information Type"": {""endIndexInSegment"": -1, ""startIndexInSegment"": -1, ""value"": ""Unspecified""}, ""Choice Type"": {""endIndexInSegment"": -1, ""startIndexInSegment"": -1, ""value"": ""Unspecified""}, ""Identifiability"": {""endIndexInSegment"": -1, ""startIndexInSegment"": -1, ""value"": ""Unspecified""}, ""Does/Does Not"": {""endIndexInSegment"": 28, ""startIndexInSegment"": 17, ""selectedText"": ""information"", ""value"": ""Does""}, ""User Type"": {""endIndexInSegment"": -1, ""startIndexInSegment"": -1, ""value"": ""Unspecified""}, ""Purpose"": {""endIndexInSegment"": 172, ""startIndexInSegment"": 161, ""selectedText"": ""communicate"", ""value"": ""Marketing""}}",161,172
16,6661,3732,2,First Party Collection/Use,0,"Specifically, we use your information to communicate back to you, to update you on services and benefits, and to personalize our website for you.","{""Collection Mode"": {""endIndexInSegment"": 265, ""startIndexInSegment"": 120, ""selectedText"": ""Specifically, we use your information to communicate back to you, to update you on services and benefits, and to personalize our website for you."", ""value"": ""Unspecified""}, ""Choice Scope"": {""endIndexInSegment"": -1, ""startIndexInSegment"": -1, ""value"": ""Unspecified""}, ""Action First-Party"": {""endIndexInSegment"": 47, ""startIndexInSegment"": 13, ""selectedText"": ""the information collected from you"", ""value"": ""Collect on website""}, ""Personal Information Type"": {""endIndexInSegment"": -1, ""startIndexInSegment"": -1, ""value"": ""Unspecified""}, ""Choice Type"": {""endIndexInSegment"": -1, ""startIndexInSegment"": -1, ""value"": ""Unspecified""}, ""Identifiability"": {""endIndexInSegment"": -1, ""startIndexInSegment"": -1, ""value"": ""Unspecified""}, ""Does/Does Not"": {""endIndexInSegment"": 265, ""startIndexInSegment"": 120, ""selectedText"": ""Specifically, we use your information to communicate back to you, to update you on services and benefits, and to personalize our website for you."", ""value"": ""Does""}, ""User Type"": {""endIndexInSegment"": -1, ""startIndexInSegment"": -1, ""value"": ""Unspecified""}, ""Purpose"": {""endIndexInSegment"": 184, ""startIndexInSegment"": 158, ""selectedText"": ""to communicate back to you"", ""value"": ""Basic service/feature""}}",120,265
17,6661,3732,2,First Party Collection/Use,0,the information collected from you,"{""Collection Mode"": {""endIndexInSegment"": 265, ""startIndexInSegment"": 120, ""selectedText"": ""Specifically, we use your information to communicate back to you, to update you on services and benefits, and to personalize our website for you."", ""value"": ""Unspecified""}, ""Choice Scope"": {""endIndexInSegment"": -1, ""startIndexInSegment"": -1, ""value"": ""Unspecified""}, ""Action First-Party"": {""endIndexInSegment"": 47, ""startIndexInSegment"": 13, ""selectedText"": ""the information collected from you"", ""value"": ""Collect on website""}, ""Personal Information Type"": {""endIndexInSegment"": -1, ""startIndexInSegment"": -1, ""value"": ""Unspecified""}, ""Choice Type"": {""endIndexInSegment"": -1, ""startIndexInSegment"": -1, ""value"": ""Unspecified""}, ""Identifiability"": {""endIndexInSegment"": -1, ""startIndexInSegment"": -1, ""value"": ""Unspecified""}, ""Does/Does Not"": {""endIndexInSegment"": 265, ""startIndexInSegment"": 120, ""selectedText"": ""Specifically, we use your information to communicate back to you, to update you on services and benefits, and to personalize our website for you."", ""value"": ""Does""}, ""User Type"": {""endIndexInSegment"": -1, ""startIndexInSegment"": -1, ""value"": ""Unspecified""}, ""Purpose"": {""endIndexInSegment"": 184, ""startIndexInSegment"": 158, ""selectedText"": ""to communicate back to you"", ""value"": ""Basic service/feature""}}",13,47
18,6661,3732,2,First Party Collection/Use,0,"Specifically, we use your information to communicate back to you, to update you on services and benefits, and to personalize our website for you.","{""Collection Mode"": {""endIndexInSegment"": 265, ""startIndexInSegment"": 120, ""selectedText"": ""Specifically, we use your information to communicate back to you, to update you on services and benefits, and to personalize our website for you."", ""value"": ""Unspecified""}, ""Choice Scope"": {""endIndexInSegment"": -1, ""startIndexInSegment"": -1, ""value"": ""Unspecified""}, ""Action First-Party"": {""endIndexInSegment"": 47, ""startIndexInSegment"": 13, ""selectedText"": ""the information collected from you"", ""value"": ""Collect on website""}, ""Personal Information Type"": {""endIndexInSegment"": -1, ""startIndexInSegment"": -1, ""value"": ""Unspecified""}, ""Choice Type"": {""endIndexInSegment"": -1, ""startIndexInSegment"": -1, ""value"": ""Unspecified""}, ""Identifiability"": {""endIndexInSegment"": -1, ""startIndexInSegment"": -1, ""value"": ""Unspecified""}, ""Does/Does Not"": {""endIndexInSegment"": 265, ""startIndexInSegment"": 120, ""selectedText"": ""Specifically, we use your information to communicate back to you, to update you on services and benefits, and to personalize our website for you."", ""value"": ""Does""}, ""User Type"": {""endIndexInSegment"": -1, ""startIndexInSegment"": -1, ""value"": ""Unspecified""}, ""Purpose"": {""endIndexInSegment"": 184, ""startIndexInSegment"": 158, ""selectedText"": ""to communicate back to you"", ""value"": ""Basic service/feature""}}",120,265
19,6661,3732,2,First Party Collection/Use,0,to communicate back to you,"{""Collection Mode"": {""endIndexInSegment"": 265, ""startIndexInSegment"": 120, ""selectedText"": ""Specifically, we use your information to communicate back to you, to update you on services and benefits, and to personalize our website for you."", ""value"": ""Unspecified""}, ""Choice Scope"": {""endIndexInSegment"": -1, ""startIndexInSegment"": -1, ""value"": ""Unspecified""}, ""Action First-Party"": {""endIndexInSegment"": 47, ""startIndexInSegment"": 13, ""selectedText"": ""the information collected from you"", ""value"": ""Collect on website""}, ""Personal Information Type"": {""endIndexInSegment"": -1, ""startIndexInSegment"": -1, ""value"": ""Unspecified""}, ""Choice Type"": {""endIndexInSegment"": -1, ""startIndexInSegment"": -1, ""value"": ""Unspecified""}, ""Identifiability"": {""endIndexInSegment"": -1, ""startIndexInSegment"": -1, ""value"": ""Unspecified""}, ""Does/Does Not"": {""endIndexInSegment"": 265, ""startIndexInSegment"": 120, ""selectedText"": ""Specifically, we use your information to communicate back to you, to update you on services and benefits, and to personalize our website for you."", ""value"": ""Does""}, ""User Type"": {""endIndexInSegment"": -1, ""startIndexInSegment"": -1, ""value"": ""Unspecified""}, ""Purpose"": {""endIndexInSegment"": 184, ""startIndexInSegment"": 158, ""selectedText"": ""to communicate back to you"", ""value"": ""Basic service/feature""}}",158,184
20,7417,3732,2,First Party Collection/Use,0,better understand your needs and to provide you with better service.,"{""Collection Mode"": {""endIndexInSegment"": -1, ""startIndexInSegment"": -1, ""value"": ""Unspecified""}, ""Choice Scope"": {""endIndexInSegment"": -1, ""startIndexInSegment"": -1, ""value"": ""Unspecified""}, ""Action First-Party"": {""endIndexInSegment"": -1, ""startIndexInSegment"": -1, ""value"": ""Unspecified""}, ""Personal Information Type"": {""endIndexInSegment"": -1, ""startIndexInSegment"": -1, ""value"": ""Unspecified""}, ""Choice Type"": {""endIndexInSegment"": -1, ""startIndexInSegment"": -1, ""value"": ""Unspecified""}, ""Identifiability"": {""endIndexInSegment"": -1, ""startIndexInSegment"": -1, ""value"": ""Unspecified""}, ""Does/Does Not"": {""endIndexInSegment"": -1, ""startIndexInSegment"": -1, ""value"": ""Does""}, ""User Type"": {""endIndexInSegment"": -1, ""startIndexInSegment"": -1, ""value"": ""Unspecified""}, ""Purpose"": {""endIndexInSegment"": 119, ""startIndexInSegment"": 51, ""selectedText"": ""better understand your needs and to provide you with better service."", ""value"": ""Analytics/Research""}}",51,119
21,7418,3732,2,First Party Collection/Use,0,"Specifically, we use your information to communicate back to you, to update you on services and benefits,","{""Collection Mode"": {""endIndexInSegment"": -1, ""startIndexInSegment"": -1, ""value"": ""Unspecified""}, ""Choice Scope"": {""endIndexInSegment"": -1, ""startIndexInSegment"": -1, ""value"": ""Unspecified""}, ""Action First-Party"": {""endIndexInSegment"": -1, ""startIndexInSegment"": -1, ""value"": ""Unspecified""}, ""Personal Information Type"": {""endIndexInSegment"": -1, ""startIndexInSegment"": -1, ""value"": ""Unspecified""}, ""Choice Type"": {""endIndexInSegment"": -1, ""startIndexInSegment"": -1, ""value"": ""Unspecified""}, ""Identifiability"": {""endIndexInSegment"": -1, ""startIndexInSegment"": -1, ""value"": ""Unspecified""}, ""Does/Does Not"": {""endIndexInSegment"": -1, ""startIndexInSegment"": -1, ""value"": ""Does""}, ""User Type"": {""endIndexInSegment"": -1, ""startIndexInSegment"": -1, ""value"": ""Unspecified""}, ""Purpose"": {""endIndexInSegment"": 225, ""startIndexInSegment"": 120, ""selectedText"": ""Specifically, we use your information to communicate back to you, to update you on services and benefits,"", ""value"": ""Basic service/feature""}}",120,225
22,5777,3732,3,Third Party Sharing/Collection,1,others,"{""Third Party Entity"": {""endIndexInSegment"": 84, ""startIndexInSegment"": 78, ""selectedText"": ""others"", ""value"": ""Unnamed third party""}, ""Choice Scope"": {""endIndexInSegment"": -1, ""startIndexInSegment"": -1, ""value"": ""Unspecified""}, ""Purpose"": {""endIndexInSegment"": -1, ""startIndexInSegment"": -1, ""value"": ""Unspecified""}, ""Personal Information Type"": {""endIndexInSegment"": 74, ""startIndexInSegment"": 39, ""selectedText"": ""personally identifiable information"", ""value"": ""Generic personal information""}, ""Choice Type"": {""endIndexInSegment"": 116, ""startIndexInSegment"": 98, ""selectedText"": ""express permission"", ""value"": ""Opt-in""}, ""Identifiability"": {""endIndexInSegment"": 62, ""startIndexInSegment"": 50, ""selectedText"": ""identifiable"", ""value"": ""Identifiable""}, ""Does/Does Not"": {""endIndexInSegment"": 8, ""startIndexInSegment"": 4, ""selectedText"": ""will"", ""value"": ""Does""}, ""User Type"": {""endIndexInSegment"": -1, ""startIndexInSegment"": -1, ""value"": ""Unspecified""}, ""Action Third Party"": {""endIndexInSegment"": 23, ""startIndexInSegment"": 19, ""selectedText"": ""rent"", ""value"": ""Receive/Shared with""}}",78,84
23,5777,3732,3,Third Party Sharing/Collection,1,personally identifiable information,"{""Third Party Entity"": {""endIndexInSegment"": 84, ""startIndexInSegment"": 78, ""selectedText"": ""others"", ""value"": ""Unnamed third party""}, ""Choice Scope"": {""endIndexInSegment"": -1, ""startIndexInSegment"": -1, ""value"": ""Unspecified""}, ""Purpose"": {""endIndexInSegment"": -1, ""startIndexInSegment"": -1, ""value"": ""Unspecified""}, ""Personal Information Type"": {""endIndexInSegment"": 74, ""startIndexInSegment"": 39, ""selectedText"": ""personally identifiable information"", ""value"": ""Generic personal information""}, ""Choice Type"": {""endIndexInSegment"": 116, ""startIndexInSegment"": 98, ""selectedText"": ""express permission"", ""value"": ""Opt-in""}, ""Identifiability"": {""endIndexInSegment"": 62, ""startIndexInSegment"": 50, ""selectedText"": ""identifiable"", ""value"": ""Identifiable""}, ""Does/Does Not"": {""endIndexInSegment"": 8, ""startIndexInSegment"": 4, ""selectedText"": ""will"", ""value"": ""Does""}, ""User Type"": {""endIndexInSegment"": -1, ""startIndexInSegment"": -1, ""value"": ""Unspecified""}, ""Action Third Party"": {""endIndexInSegment"": 23, ""startIndexInSegment"": 19, ""selectedText"": ""rent"", ""value"": ""Receive/Shared with""}}",39,74
24,5777,3732,3,Third Party Sharing/Collection,1,express permission,"{""Third Party Entity"": {""endIndexInSegment"": 84, ""startIndexInSegment"": 78, ""selectedText"": ""others"", ""value"": ""Unnamed third party""}, ""Choice Scope"": {""endIndexInSegment"": -1, ""startIndexInSegment"": -1, ""value"": ""Unspecified""}, ""Purpose"": {""endIndexInSegment"": -1, ""startIndexInSegment"": -1, ""value"": ""Unspecified""}, ""Personal Information Type"": {""endIndexInSegment"": 74, ""startIndexInSegment"": 39, ""selectedText"": ""personally identifiable information"", ""value"": ""Generic personal information""}, ""Choice Type"": {""endIndexInSegment"": 116, ""startIndexInSegment"": 98, ""selectedText"": ""express permission"", ""value"": ""Opt-in""}, ""Identifiability"": {""endIndexInSegment"": 62, ""startIndexInSegment"": 50, ""selectedText"": ""identifiable"", ""value"": ""Identifiable""}, ""Does/Does Not"": {""endIndexInSegment"": 8, ""startIndexInSegment"": 4, ""selectedText"": ""will"", ""value"": ""Does""}, ""User Type"": {""endIndexInSegment"": -1, ""startIndexInSegment"": -1, ""value"": ""Unspecified""}, ""Action Third Party"": {""endIndexInSegment"": 23, ""startIndexInSegment"": 19, ""selectedText"": ""rent"", ""value"": ""Receive/Shared with""}}",98,116
25,5777,3732,3,Third Party Sharing/Collection,1,identifiable,"{""Third Party Entity"": {""endIndexInSegment"": 84, ""startIndexInSegment"": 78, ""selectedText"": ""others"", ""value"": ""Unnamed third party""}, ""Choice Scope"": {""endIndexInSegment"": -1, ""startIndexInSegment"": -1, ""value"": ""Unspecified""}, ""Purpose"": {""endIndexInSegment"": -1, ""startIndexInSegment"": -1, ""value"": ""Unspecified""}, ""Personal Information Type"": {""endIndexInSegment"": 74, ""startIndexInSegment"": 39, ""selectedText"": ""personally identifiable information"", ""value"": ""Generic personal information""}, ""Choice Type"": {""endIndexInSegment"": 116, ""startIndexInSegment"": 98, ""selectedText"": ""express permission"", ""value"": ""Opt-in""}, ""Identifiability"": {""endIndexInSegment"": 62, ""startIndexInSegment"": 50, ""selectedText"": ""identifiable"", ""value"": ""Identifiable""}, ""Does/Does Not"": {""endIndexInSegment"": 8, ""startIndexInSegment"": 4, ""selectedText"": ""will"", ""value"": ""Does""}, ""User Type"": {""endIndexInSegment"": -1, ""startIndexInSegment"": -1, ""value"": ""Unspecified""}, ""Action Third Party"": {""endIndexInSegment"": 23, ""startIndexInSegment"": 19, ""selectedText"": ""rent"", ""value"": ""Receive/Shared with""}}",50,62
26,5777,3732,3,Third Party Sharing/Collection,1,rent,"{""Third Party Entity"": {""endIndexInSegment"": 84, ""startIndexInSegment"": 78, ""selectedText"": ""others"", ""value"": ""Unnamed third party""}, ""Choice Scope"": {""endIndexInSegment"": -1, ""startIndexInSegment"": -1, ""value"": ""Unspecified""}, ""Purpose"": {""endIndexInSegment"": -1, ""startIndexInSegment"": -1, ""value"": ""Unspecified""}, ""Personal Information Type"": {""endIndexInSegment"": 74, ""startIndexInSegment"": 39, ""selectedText"": ""personally identifiable information"", ""value"": ""Generic personal information""}, ""Choice Type"": {""endIndexInSegment"": 116, ""startIndexInSegment"": 98, ""selectedText"": ""express permission"", ""value"": ""Opt-in""}, ""Identifiability"": {""endIndexInSegment"": 62, ""startIndexInSegment"": 50, ""selectedText"": ""identifiable"", ""value"": ""Identifiable""}, ""Does/Does Not"": {""endIndexInSegment"": 8, ""startIndexInSegment"": 4, ""selectedText"": ""will"", ""value"": ""Does""}, ""User Type"": {""endIndexInSegment"": -1, ""startIndexInSegment"": -1, ""value"": ""Unspecified""}, ""Action Third Party"": {""endIndexInSegment"": 23, ""startIndexInSegment"": 19, ""selectedText"": ""rent"", ""value"": ""Receive/Shared with""}}",19,23
27,5777,3732,3,Third Party Sharing/Collection,1,will,"{""Third Party Entity"": {""endIndexInSegment"": 84, ""startIndexInSegment"": 78, ""selectedText"": ""others"", ""value"": ""Unnamed third party""}, ""Choice Scope"": {""endIndexInSegment"": -1, ""startIndexInSegment"": -1, ""value"": ""Unspecified""}, ""Purpose"": {""endIndexInSegment"": -1, ""startIndexInSegment"": -1, ""value"": ""Unspecified""}, ""Personal Information Type"": {""endIndexInSegment"": 74, ""startIndexInSegment"": 39, ""selectedText"": ""personally identifiable information"", ""value"": ""Generic personal information""}, ""Choice Type"": {""endIndexInSegment"": 116, ""startIndexInSegment"": 98, ""selectedText"": ""express permission"", ""value"": ""Opt-in""}, ""Identifiability"": {""endIndexInSegment"": 62, ""startIndexInSegment"": 50, ""selectedText"": ""identifiable"", ""value"": ""Identifiable""}, ""Does/Does Not"": {""endIndexInSegment"": 8, ""startIndexInSegment"": 4, ""selectedText"": ""will"", ""value"": ""Does""}, ""User Type"": {""endIndexInSegment"": -1, ""startIndexInSegment"": -1, ""value"": ""Unspecified""}, ""Action Third Party"": {""endIndexInSegment"": 23, ""startIndexInSegment"": 19, ""selectedText"": ""rent"", ""value"": ""Receive/Shared with""}}",4,8
28,5778,3732,3,Third Party Sharing/Collection,1,"Unless we have your permission or are required by law, we will only share the personal data you provide online with authorized personnel within the institution","{""Third Party Entity"": {""endIndexInSegment"": 277, ""startIndexInSegment"": 118, ""selectedText"": ""Unless we have your permission or are required by law, we will only share the personal data you provide online with authorized personnel within the institution"", ""value"": ""Other part of company/affiliate""}, ""Choice Scope"": {""endIndexInSegment"": -1, ""startIndexInSegment"": -1, ""value"": ""Unspecified""}, ""Purpose"": {""endIndexInSegment"": -1, ""startIndexInSegment"": -1, ""value"": ""Unspecified""}, ""Personal Information Type"": {""endIndexInSegment"": 74, ""startIndexInSegment"": 39, ""selectedText"": ""personally identifiable information"", ""value"": ""Generic personal information""}, ""Choice Type"": {""endIndexInSegment"": 148, ""startIndexInSegment"": 138, ""selectedText"": ""permission"", ""value"": ""Unspecified""}, ""Identifiability"": {""endIndexInSegment"": 62, ""startIndexInSegment"": 50, ""selectedText"": ""identifiable"", ""value"": ""Identifiable""}, ""Does/Does Not"": {""endIndexInSegment"": 8, ""startIndexInSegment"": 4, ""selectedText"": ""will"", ""value"": ""Does""}, ""User Type"": {""endIndexInSegment"": -1, ""startIndexInSegment"": -1, ""value"": ""Unspecified""}, ""Action Third Party"": {""endIndexInSegment"": 23, ""startIndexInSegment"": 19, ""selectedText"": ""rent"", ""value"": ""Receive/Shared with""}}",118,277
29,5778,3732,3,Third Party Sharing/Collection,1,personally identifiable information,"{""Third Party Entity"": {""endIndexInSegment"": 277, ""startIndexInSegment"": 118, ""selectedText"": ""Unless we have your permission or are required by law, we will only share the personal data you provide online with authorized personnel within the institution"", ""value"": ""Other part of company/affiliate""}, ""Choice Scope"": {""endIndexInSegment"": -1, ""startIndexInSegment"": -1, ""value"": ""Unspecified""}, ""Purpose"": {""endIndexInSegment"": -1, ""startIndexInSegment"": -1, ""value"": ""Unspecified""}, ""Personal Information Type"": {""endIndexInSegment"": 74, ""startIndexInSegment"": 39, ""selectedText"": ""personally identifiable information"", ""value"": ""Generic personal information""}, ""Choice Type"": {""endIndexInSegment"": 148, ""startIndexInSegment"": 138, ""selectedText"": ""permission"", ""value"": ""Unspecified""}, ""Identifiability"": {""endIndexInSegment"": 62, ""startIndexInSegment"": 50, ""selectedText"": ""identifiable"", ""value"": ""Identifiable""}, ""Does/Does Not"": {""endIndexInSegment"": 8, ""startIndexInSegment"": 4, ""selectedText"": ""will"", ""value"": ""Does""}, ""User Type"": {""endIndexInSegment"": -1, ""startIndexInSegment"": -1, ""value"": ""Unspecified""}, ""Action Third Party"": {""endIndexInSegment"": 23, ""startIndexInSegment"": 19, ""selectedText"": ""rent"", ""value"": ""Receive/Shared with""}}",39,74
30,5778,3732,3,Third Party Sharing/Collection,1,permission,"{""Third Party Entity"": {""endIndexInSegment"": 277, ""startIndexInSegment"": 118, ""selectedText"": ""Unless we have your permission or are required by law, we will only share the personal data you provide online with authorized personnel within the institution"", ""value"": ""Other part of company/affiliate""}, ""Choice Scope"": {""endIndexInSegment"": -1, ""startIndexInSegment"": -1, ""value"": ""Unspecified""}, ""Purpose"": {""endIndexInSegment"": -1, ""startIndexInSegment"": -1, ""value"": ""Unspecified""}, ""Personal Information Type"": {""endIndexInSegment"": 74, ""startIndexInSegment"": 39, ""selectedText"": ""personally identifiable information"", ""value"": ""Generic personal information""}, ""Choice Type"": {""endIndexInSegment"": 148, ""startIndexInSegment"": 138, ""selectedText"": ""permission"", ""value"": ""Unspecified""}, ""Identifiability"": {""endIndexInSegment"": 62, ""startIndexInSegment"": 50, ""selectedText"": ""identifiable"", ""value"": ""Identifiable""}, ""Does/Does Not"": {""endIndexInSegment"": 8, ""startIndexInSegment"": 4, ""selectedText"": ""will"", ""value"": ""Does""}, ""User Type"": {""endIndexInSegment"": -1, ""startIndexInSegment"": -1, ""value"": ""Unspecified""}, ""Action Third Party"": {""endIndexInSegment"": 23, ""startIndexInSegment"": 19, ""selectedText"": ""rent"", ""value"": ""Receive/Shared with""}}",138,148
31,5778,3732,3,Third Party Sharing/Collection,1,identifiable,"{""Third Party Entity"": {""endIndexInSegment"": 277, ""startIndexInSegment"": 118, ""selectedText"": ""Unless we have your permission or are required by law, we will only share the personal data you provide online with authorized personnel within the institution"", ""value"": ""Other part of company/affiliate""}, ""Choice Scope"": {""endIndexInSegment"": -1, ""startIndexInSegment"": -1, ""value"": ""Unspecified""}, ""Purpose"": {""endIndexInSegment"": -1, ""startIndexInSegment"": -1, ""value"": ""Unspecified""}, ""Personal Information Type"": {""endIndexInSegment"": 74, ""startIndexInSegment"": 39, ""selectedText"": ""personally identifiable information"", ""value"": ""Generic personal information""}, ""Choice Type"": {""endIndexInSegment"": 148, ""startIndexInSegment"": 138, ""selectedText"": ""permission"", ""value"": ""Unspecified""}, ""Identifiability"": {""endIndexInSegment"": 62, ""startIndexInSegment"": 50, ""selectedText"": ""identifiable"", ""value"": ""Identifiable""}, ""Does/Does Not"": {""endIndexInSegment"": 8, ""startIndexInSegment"": 4, ""selectedText"": ""will"", ""value"": ""Does""}, ""User Type"": {""endIndexInSegment"": -1, ""startIndexInSegment"": -1, ""value"": ""Unspecified""}, ""Action Third Party"": {""endIndexInSegment"": 23, ""startIndexInSegment"": 19, ""selectedText"": ""rent"", ""value"": ""Receive/Shared with""}}",50,62
32,5778,3732,3,Third Party Sharing/Collection,1,rent,"{""Third Party Entity"": {""endIndexInSegment"": 277, ""startIndexInSegment"": 118, ""selectedText"": ""Unless we have your permission or are required by law, we will only share the personal data you provide online with authorized personnel within the institution"", ""value"": ""Other part of company/affiliate""}, ""Choice Scope"": {""endIndexInSegment"": -1, ""startIndexInSegment"": -1, ""value"": ""Unspecified""}, ""Purpose"": {""endIndexInSegment"": -1, ""startIndexInSegment"": -1, ""value"": ""Unspecified""}, ""Personal Information Type"": {""endIndexInSegment"": 74, ""startIndexInSegment"": 39, ""selectedText"": ""personally identifiable information"", ""value"": ""Generic personal information""}, ""Choice Type"": {""endIndexInSegment"": 148, ""startIndexInSegment"": 138, ""selectedText"": ""permission"", ""value"": ""Unspecified""}, ""Identifiability"": {""endIndexInSegment"": 62, ""startIndexInSegment"": 50, ""selectedText"": ""identifiable"", ""value"": ""Identifiable""}, ""Does/Does Not"": {""endIndexInSegment"": 8, ""startIndexInSegment"": 4, ""selectedText"": ""will"", ""value"": ""Does""}, ""User Type"": {""endIndexInSegment"": -1, ""startIndexInSegment"": -1, ""value"": ""Unspecified""}, ""Action Third Party"": {""endIndexInSegment"": 23, ""startIndexInSegment"": 19, ""selectedText"": ""rent"", ""value"": ""Receive/Shared with""}}",19,23
33,5778,3732,3,Third Party Sharing/Collection,1,will,"{""Third Party Entity"": {""endIndexInSegment"": 277, ""startIndexInSegment"": 118, ""selectedText"": ""Unless we have your permission or are required by law, we will only share the personal data you provide online with authorized personnel within the institution"", ""value"": ""Other part of company/affiliate""}, ""Choice Scope"": {""endIndexInSegment"": -1, ""startIndexInSegment"": -1, ""value"": ""Unspecified""}, ""Purpose"": {""endIndexInSegment"": -1, ""startIndexInSegment"": -1, ""value"": ""Unspecified""}, ""Personal Information Type"": {""endIndexInSegment"": 74, ""startIndexInSegment"": 39, ""selectedText"": ""personally identifiable information"", ""value"": ""Generic personal information""}, ""Choice Type"": {""endIndexInSegment"": 148, ""startIndexInSegment"": 138, ""selectedText"": ""permission"", ""value"": ""Unspecified""}, ""Identifiability"": {""endIndexInSegment"": 62, ""startIndexInSegment"": 50, ""selectedText"": ""identifiable"", ""value"": ""Identifiable""}, ""Does/Does Not"": {""endIndexInSegment"": 8, ""startIndexInSegment"": 4, ""selectedText"": ""will"", ""value"": ""Does""}, ""User Type"": {""endIndexInSegment"": -1, ""startIndexInSegment"": -1, ""value"": ""Unspecified""}, ""Action Third Party"": {""endIndexInSegment"": 23, ""startIndexInSegment"": 19, ""selectedText"": ""rent"", ""value"": ""Receive/Shared with""}}",4,8
34,6659,3732,3,Third Party Sharing/Collection,1,"MFA will not sell, rent, or lease your personally identifiable information to others without your express permission.","{""Third Party Entity"": {""endIndexInSegment"": 117, ""startIndexInSegment"": 0, ""selectedText"": ""MFA will not sell, rent, or lease your personally identifiable information to others without your express permission."", ""value"": ""Unnamed third party""}, ""Choice Scope"": {""endIndexInSegment"": 33, ""startIndexInSegment"": 1, ""selectedText"": ""FA will not sell, rent, or lease"", ""value"": ""Use""}, ""Purpose"": {""endIndexInSegment"": -1, ""startIndexInSegment"": -1, ""value"": ""Unspecified""}, ""Personal Information Type"": {""endIndexInSegment"": 74, ""startIndexInSegment"": 39, ""selectedText"": ""personally identifiable information"", ""value"": ""Generic personal information""}, ""Choice Type"": {""endIndexInSegment"": 117, ""startIndexInSegment"": 85, ""selectedText"": ""without your express permission."", ""value"": ""Opt-in""}, ""Identifiability"": {""endIndexInSegment"": 74, ""startIndexInSegment"": 39, ""selectedText"": ""personally identifiable information"", ""value"": ""Identifiable""}, ""Does/Does Not"": {""endIndexInSegment"": 117, ""startIndexInSegment"": 0, ""selectedText"": ""MFA will not sell, rent, or lease your personally identifiable information to others without your express permission."", ""value"": ""Does Not""}, ""User Type"": {""endIndexInSegment"": -1, ""startIndexInSegment"": -1, ""value"": ""Unspecified""}, ""Action Third Party"": {""endIndexInSegment"": 117, ""startIndexInSegment"": 0, ""selectedText"": ""MFA will not sell, rent, or lease your personally identifiable information to others without your express permission."", ""value"": ""Receive/Shared with""}}",0,117
35,6659,3732,3,Third Party Sharing/Collection,1,"FA will not sell, rent, or lease","{""Third Party Entity"": {""endIndexInSegment"": 117, ""startIndexInSegment"": 0, ""selectedText"": ""MFA will not sell, rent, or lease your personally identifiable information to others without your express permission."", ""value"": ""Unnamed third party""}, ""Choice Scope"": {""endIndexInSegment"": 33, ""startIndexInSegment"": 1, ""selectedText"": ""FA will not sell, rent, or lease"", ""value"": ""Use""}, ""Purpose"": {""endIndexInSegment"": -1, ""startIndexInSegment"": -1, ""value"": ""Unspecified""}, ""Personal Information Type"": {""endIndexInSegment"": 74, ""startIndexInSegment"": 39, ""selectedText"": ""personally identifiable information"", ""value"": ""Generic personal information""}, ""Choice Type"": {""endIndexInSegment"": 117, ""startIndexInSegment"": 85, ""selectedText"": ""without your express permission."", ""value"": ""Opt-in""}, ""Identifiability"": {""endIndexInSegment"": 74, ""startIndexInSegment"": 39, ""selectedText"": ""personally identifiable information"", ""value"": ""Identifiable""}, ""Does/Does Not"": {""endIndexInSegment"": 117, ""startIndexInSegment"": 0, ""selectedText"": ""MFA will not sell, rent, or lease your personally identifiable information to others without your express permission."", ""value"": ""Does Not""}, ""User Type"": {""endIndexInSegment"": -1, ""startIndexInSegment"": -1, ""value"": ""Unspecified""}, ""Action Third Party"": {""endIndexInSegment"": 117, ""startIndexInSegment"": 0, ""selectedText"": ""MFA will not sell, rent, or lease your personally identifiable information to others without your express permission."", ""value"": ""Receive/Shared with""}}",1,33
36,6659,3732,3,Third Party Sharing/Collection,1,personally identifiable information,"{""Third Party Entity"": {""endIndexInSegment"": 117, ""startIndexInSegment"": 0, ""selectedText"": ""MFA will not sell, rent, or lease your personally identifiable information to others without your express permission."", ""value"": ""Unnamed third party""}, ""Choice Scope"": {""endIndexInSegment"": 33, ""startIndexInSegment"": 1, ""selectedText"": ""FA will not sell, rent, or lease"", ""value"": ""Use""}, ""Purpose"": {""endIndexInSegment"": -1, ""startIndexInSegment"": -1, ""value"": ""Unspecified""}, ""Personal Information Type"": {""endIndexInSegment"": 74, ""startIndexInSegment"": 39, ""selectedText"": ""personally identifiable information"", ""value"": ""Generic personal information""}, ""Choice Type"": {""endIndexInSegment"": 117, ""startIndexInSegment"": 85, ""selectedText"": ""without your express permission."", ""value"": ""Opt-in""}, ""Identifiability"": {""endIndexInSegment"": 74, ""startIndexInSegment"": 39, ""selectedText"": ""personally identifiable information"", ""value"": ""Identifiable""}, ""Does/Does Not"": {""endIndexInSegment"": 117, ""startIndexInSegment"": 0, ""selectedText"": ""MFA will not sell, rent, or lease your personally identifiable information to others without your express permission."", ""value"": ""Does Not""}, ""User Type"": {""endIndexInSegment"": -1, ""startIndexInSegment"": -1, ""value"": ""Unspecified""}, ""Action Third Party"": {""endIndexInSegment"": 117, ""startIndexInSegment"": 0, ""selectedText"": ""MFA will not sell, rent, or lease your personally identifiable information to others without your express permission."", ""value"": ""Receive/Shared with""}}",39,74
37,6659,3732,3,Third Party Sharing/Collection,1,without your express permission.,"{""Third Party Entity"": {""endIndexInSegment"": 117, ""startIndexInSegment"": 0, ""selectedText"": ""MFA will not sell, rent, or lease your personally identifiable information to others without your express permission."", ""value"": ""Unnamed third party""}, ""Choice Scope"": {""endIndexInSegment"": 33, ""startIndexInSegment"": 1, ""selectedText"": ""FA will not sell, rent, or lease"", ""value"": ""Use""}, ""Purpose"": {""endIndexInSegment"": -1, ""startIndexInSegment"": -1, ""value"": ""Unspecified""}, ""Personal Information Type"": {""endIndexInSegment"": 74, ""startIndexInSegment"": 39, ""selectedText"": ""personally identifiable information"", ""value"": ""Generic personal information""}, ""Choice Type"": {""endIndexInSegment"": 117, ""startIndexInSegment"": 85, ""selectedText"": ""without your express permission."", ""value"": ""Opt-in""}, ""Identifiability"": {""endIndexInSegment"": 74, ""startIndexInSegment"": 39, ""selectedText"": ""personally identifiable information"", ""value"": ""Identifiable""}, ""Does/Does Not"": {""endIndexInSegment"": 117, ""startIndexInSegment"": 0, ""selectedText"": ""MFA will not sell, rent, or lease your personally identifiable information to others without your express permission."", ""value"": ""Does Not""}, ""User Type"": {""endIndexInSegment"": -1, ""startIndexInSegment"": -1, ""value"": ""Unspecified""}, ""Action Third Party"": {""endIndexInSegment"": 117, ""startIndexInSegment"": 0, ""selectedText"": ""MFA will not sell, rent, or lease your personally identifiable information to others without your express permission."", ""value"": ""Receive/Shared with""}}",85,117
38,6659,3732,3,Third Party Sharing/Collection,1,personally identifiable information,"{""Third Party Entity"": {""endIndexInSegment"": 117, ""startIndexInSegment"": 0, ""selectedText"": ""MFA will not sell, rent, or lease your personally identifiable information to others without your express permission."", ""value"": ""Unnamed third party""}, ""Choice Scope"": {""endIndexInSegment"": 33, ""startIndexInSegment"": 1, ""selectedText"": ""FA will not sell, rent, or lease"", ""value"": ""Use""}, ""Purpose"": {""endIndexInSegment"": -1, ""startIndexInSegment"": -1, ""value"": ""Unspecified""}, ""Personal Information Type"": {""endIndexInSegment"": 74, ""startIndexInSegment"": 39, ""selectedText"": ""personally identifiable information"", ""value"": ""Generic personal information""}, ""Choice Type"": {""endIndexInSegment"": 117, ""startIndexInSegment"": 85, ""selectedText"": ""without your express permission."", ""value"": ""Opt-in""}, ""Identifiability"": {""endIndexInSegment"": 74, ""startIndexInSegment"": 39, ""selectedText"": ""personally identifiable information"", ""value"": ""Identifiable""}, ""Does/Does Not"": {""endIndexInSegment"": 117, ""startIndexInSegment"": 0, ""selectedText"": ""MFA will not sell, rent, or lease your personally identifiable information to others without your express permission."", ""value"": ""Does Not""}, ""User Type"": {""endIndexInSegment"": -1, ""startIndexInSegment"": -1, ""value"": ""Unspecified""}, ""Action Third Party"": {""endIndexInSegment"": 117, ""startIndexInSegment"": 0, ""selectedText"": ""MFA will not sell, rent, or lease your personally identifiable information to others without your express permission."", ""value"": ""Receive/Shared with""}}",39,74
39,6659,3732,3,Third Party Sharing/Collection,1,"MFA will not sell, rent, or lease your personally identifiable information to others without your express permission.","{""Third Party Entity"": {""endIndexInSegment"": 117, ""startIndexInSegment"": 0, ""selectedText"": ""MFA will not sell, rent, or lease your personally identifiable information to others without your express permission."", ""value"": ""Unnamed third party""}, ""Choice Scope"": {""endIndexInSegment"": 33, ""startIndexInSegment"": 1, ""selectedText"": ""FA will not sell, rent, or lease"", ""value"": ""Use""}, ""Purpose"": {""endIndexInSegment"": -1, ""startIndexInSegment"": -1, ""value"": ""Unspecified""}, ""Personal Information Type"": {""endIndexInSegment"": 74, ""startIndexInSegment"": 39, ""selectedText"": ""personally identifiable information"", ""value"": ""Generic personal information""}, ""Choice Type"": {""endIndexInSegment"": 117, ""startIndexInSegment"": 85, ""selectedText"": ""without your express permission."", ""value"": ""Opt-in""}, ""Identifiability"": {""endIndexInSegment"": 74, ""startIndexInSegment"": 39, ""selectedText"": ""personally identifiable information"", ""value"": ""Identifiable""}, ""Does/Does Not"": {""endIndexInSegment"": 117, ""startIndexInSegment"": 0, ""selectedText"": ""MFA will not sell, rent, or lease your personally identifiable information to others without your express permission."", ""value"": ""Does Not""}, ""User Type"": {""endIndexInSegment"": -1, ""startIndexInSegment"": -1, ""value"": ""Unspecified""}, ""Action Third Party"": {""endIndexInSegment"": 117, ""startIndexInSegment"": 0, ""selectedText"": ""MFA will not sell, rent, or lease your personally identifiable information to others without your express permission."", ""value"": ""Receive/Shared with""}}",0,117
40,6659,3732,3,Third Party Sharing/Collection,1,"MFA will not sell, rent, or lease your personally identifiable information to others without your express permission.","{""Third Party Entity"": {""endIndexInSegment"": 117, ""startIndexInSegment"": 0, ""selectedText"": ""MFA will not sell, rent, or lease your personally identifiable information to others without your express permission."", ""value"": ""Unnamed third party""}, ""Choice Scope"": {""endIndexInSegment"": 33, ""startIndexInSegment"": 1, ""selectedText"": ""FA will not sell, rent, or lease"", ""value"": ""Use""}, ""Purpose"": {""endIndexInSegment"": -1, ""startIndexInSegment"": -1, ""value"": ""Unspecified""}, ""Personal Information Type"": {""endIndexInSegment"": 74, ""startIndexInSegment"": 39, ""selectedText"": ""personally identifiable information"", ""value"": ""Generic personal information""}, ""Choice Type"": {""endIndexInSegment"": 117, ""startIndexInSegment"": 85, ""selectedText"": ""without your express permission."", ""value"": ""Opt-in""}, ""Identifiability"": {""endIndexInSegment"": 74, ""startIndexInSegment"": 39, ""selectedText"": ""personally identifiable information"", ""value"": ""Identifiable""}, ""Does/Does Not"": {""endIndexInSegment"": 117, ""startIndexInSegment"": 0, ""selectedText"": ""MFA will not sell, rent, or lease your personally identifiable information to others without your express permission."", ""value"": ""Does Not""}, ""User Type"": {""endIndexInSegment"": -1, ""startIndexInSegment"": -1, ""value"": ""Unspecified""}, ""Action Third Party"": {""endIndexInSegment"": 117, ""startIndexInSegment"": 0, ""selectedText"": ""MFA will not sell, rent, or lease your personally identifiable information to others without your express permission."", ""value"": ""Receive/Shared with""}}",0,117
41,6660,3732,3,Third Party Sharing/Collection,1,"are required by law,","{""Third Party Entity"": {""endIndexInSegment"": 172, ""startIndexInSegment"": 152, ""selectedText"": ""are required by law,"", ""value"": ""Unnamed third party""}, ""Choice Scope"": {""endIndexInSegment"": -1, ""startIndexInSegment"": -1, ""value"": ""Unspecified""}, ""Purpose"": {""endIndexInSegment"": 172, ""startIndexInSegment"": 152, ""selectedText"": ""are required by law,"", ""value"": ""Legal requirement""}, ""Personal Information Type"": {""endIndexInSegment"": 74, ""startIndexInSegment"": 39, ""selectedText"": ""personally identifiable information"", ""value"": ""Generic personal information""}, ""Choice Type"": {""endIndexInSegment"": -1, ""startIndexInSegment"": -1, ""value"": ""Unspecified""}, ""Identifiability"": {""endIndexInSegment"": 74, ""startIndexInSegment"": 39, ""selectedText"": ""personally identifiable information"", ""value"": ""Identifiable""}, ""Does/Does Not"": {""endIndexInSegment"": 172, ""startIndexInSegment"": 152, ""selectedText"": ""are required by law,"", ""value"": ""Does""}, ""User Type"": {""endIndexInSegment"": -1, ""startIndexInSegment"": -1, ""value"": ""Unspecified""}, ""Action Third Party"": {""endIndexInSegment"": 172, ""startIndexInSegment"": 152, ""selectedText"": ""are required by law,"", ""value"": ""Receive/Shared with""}}",152,172
42,6660,3732,3,Third Party Sharing/Collection,1,"are required by law,","{""Third Party Entity"": {""endIndexInSegment"": 172, ""startIndexInSegment"": 152, ""selectedText"": ""are required by law,"", ""value"": ""Unnamed third party""}, ""Choice Scope"": {""endIndexInSegment"": -1, ""startIndexInSegment"": -1, ""value"": ""Unspecified""}, ""Purpose"": {""endIndexInSegment"": 172, ""startIndexInSegment"": 152, ""selectedText"": ""are required by law,"", ""value"": ""Legal requirement""}, ""Personal Information Type"": {""endIndexInSegment"": 74, ""startIndexInSegment"": 39, ""selectedText"": ""personally identifiable information"", ""value"": ""Generic personal information""}, ""Choice Type"": {""endIndexInSegment"": -1, ""startIndexInSegment"": -1, ""value"": ""Unspecified""}, ""Identifiability"": {""endIndexInSegment"": 74, ""startIndexInSegment"": 39, ""selectedText"": ""personally identifiable information"", ""value"": ""Identifiable""}, ""Does/Does Not"": {""endIndexInSegment"": 172, ""startIndexInSegment"": 152, ""selectedText"": ""are required by law,"", ""value"": ""Does""}, ""User Type"": {""endIndexInSegment"": -1, ""startIndexInSegment"": -1, ""value"": ""Unspecified""}, ""Action Third Party"": {""endIndexInSegment"": 172, ""startIndexInSegment"": 152, ""selectedText"": ""are required by law,"", ""value"": ""Receive/Shared with""}}",152,172
43,6660,3732,3,Third Party Sharing/Collection,1,personally identifiable information,"{""Third Party Entity"": {""endIndexInSegment"": 172, ""startIndexInSegment"": 152, ""selectedText"": ""are required by law,"", ""value"": ""Unnamed third party""}, ""Choice Scope"": {""endIndexInSegment"": -1, ""startIndexInSegment"": -1, ""value"": ""Unspecified""}, ""Purpose"": {""endIndexInSegment"": 172, ""startIndexInSegment"": 152, ""selectedText"": ""are required by law,"", ""value"": ""Legal requirement""}, ""Personal Information Type"": {""endIndexInSegment"": 74, ""startIndexInSegment"": 39, ""selectedText"": ""personally identifiable information"", ""value"": ""Generic personal information""}, ""Choice Type"": {""endIndexInSegment"": -1, ""startIndexInSegment"": -1, ""value"": ""Unspecified""}, ""Identifiability"": {""endIndexInSegment"": 74, ""startIndexInSegment"": 39, ""selectedText"": ""personally identifiable information"", ""value"": ""Identifiable""}, ""Does/Does Not"": {""endIndexInSegment"": 172, ""startIndexInSegment"": 152, ""selectedText"": ""are required by law,"", ""value"": ""Does""}, ""User Type"": {""endIndexInSegment"": -1, ""startIndexInSegment"": -1, ""value"": ""Unspecified""}, ""Action Third Party"": {""endIndexInSegment"": 172, ""startIndexInSegment"": 152, ""selectedText"": ""are required by law,"", ""value"": ""Receive/Shared with""}}",39,74
44,6660,3732,3,Third Party Sharing/Collection,1,personally identifiable information,"{""Third Party Entity"": {""endIndexInSegment"": 172, ""startIndexInSegment"": 152, ""selectedText"": ""are required by law,"", ""value"": ""Unnamed third party""}, ""Choice Scope"": {""endIndexInSegment"": -1, ""startIndexInSegment"": -1, ""value"": ""Unspecified""}, ""Purpose"": {""endIndexInSegment"": 172, ""startIndexInSegment"": 152, ""selectedText"": ""are required by law,"", ""value"": ""Legal requirement""}, ""Personal Information Type"": {""endIndexInSegment"": 74, ""startIndexInSegment"": 39, ""selectedText"": ""personally identifiable information"", ""value"": ""Generic personal information""}, ""Choice Type"": {""endIndexInSegment"": -1, ""startIndexInSegment"": -1, ""value"": ""Unspecified""}, ""Identifiability"": {""endIndexInSegment"": 74, ""startIndexInSegment"": 39, ""selectedText"": ""personally identifiable information"", ""value"": ""Identifiable""}, ""Does/Does Not"": {""endIndexInSegment"": 172, ""startIndexInSegment"": 152, ""selectedText"": ""are required by law,"", ""value"": ""Does""}, ""User Type"": {""endIndexInSegment"": -1, ""startIndexInSegment"": -1, ""value"": ""Unspecified""}, ""Action Third Party"": {""endIndexInSegment"": 172, ""startIndexInSegment"": 152, ""selectedText"": ""are required by law,"", ""value"": ""Receive/Shared with""}}",39,74
45,6660,3732,3,Third Party Sharing/Collection,1,"are required by law,","{""Third Party Entity"": {""endIndexInSegment"": 172, ""startIndexInSegment"": 152, ""selectedText"": ""are required by law,"", ""value"": ""Unnamed third party""}, ""Choice Scope"": {""endIndexInSegment"": -1, ""startIndexInSegment"": -1, ""value"": ""Unspecified""}, ""Purpose"": {""endIndexInSegment"": 172, ""startIndexInSegment"": 152, ""selectedText"": ""are required by law,"", ""value"": ""Legal requirement""}, ""Personal Information Type"": {""endIndexInSegment"": 74, ""startIndexInSegment"": 39, ""selectedText"": ""personally identifiable information"", ""value"": ""Generic personal information""}, ""Choice Type"": {""endIndexInSegment"": -1, ""startIndexInSegment"": -1, ""value"": ""Unspecified""}, ""Identifiability"": {""endIndexInSegment"": 74, ""startIndexInSegment"": 39, ""selectedText"": ""personally identifiable information"", ""value"": ""Identifiable""}, ""Does/Does Not"": {""endIndexInSegment"": 172, ""startIndexInSegment"": 152, ""selectedText"": ""are required by law,"", ""value"": ""Does""}, ""User Type"": {""endIndexInSegment"": -1, ""startIndexInSegment"": -1, ""value"": ""Unspecified""}, ""Action Third Party"": {""endIndexInSegment"": 172, ""startIndexInSegment"": 152, ""selectedText"": ""are required by law,"", ""value"": ""Receive/Shared with""}}",152,172
46,6660,3732,3,Third Party Sharing/Collection,1,"are required by law,","{""Third Party Entity"": {""endIndexInSegment"": 172, ""startIndexInSegment"": 152, ""selectedText"": ""are required by law,"", ""value"": ""Unnamed third party""}, ""Choice Scope"": {""endIndexInSegment"": -1, ""startIndexInSegment"": -1, ""value"": ""Unspecified""}, ""Purpose"": {""endIndexInSegment"": 172, ""startIndexInSegment"": 152, ""selectedText"": ""are required by law,"", ""value"": ""Legal requirement""}, ""Personal Information Type"": {""endIndexInSegment"": 74, ""startIndexInSegment"": 39, ""selectedText"": ""personally identifiable information"", ""value"": ""Generic personal information""}, ""Choice Type"": {""endIndexInSegment"": -1, ""startIndexInSegment"": -1, ""value"": ""Unspecified""}, ""Identifiability"": {""endIndexInSegment"": 74, ""startIndexInSegment"": 39, ""selectedText"": ""personally identifiable information"", ""value"": ""Identifiable""}, ""Does/Does Not"": {""endIndexInSegment"": 172, ""startIndexInSegment"": 152, ""selectedText"": ""are required by law,"", ""value"": ""Does""}, ""User Type"": {""endIndexInSegment"": -1, ""startIndexInSegment"": -1, ""value"": ""Unspecified""}, ""Action Third Party"": {""endIndexInSegment"": 172, ""startIndexInSegment"": 152, ""selectedText"": ""are required by law,"", ""value"": ""Receive/Shared with""}}",152,172
47,7413,3732,3,Third Party Sharing/Collection,1,nformation provided to us online in ways unrelated to the ones described above without letting you know and offering you a choice.,"{""Third Party Entity"": {""endIndexInSegment"": -1, ""startIndexInSegment"": -1, ""value"": ""Unspecified""}, ""Choice Scope"": {""endIndexInSegment"": -1, ""startIndexInSegment"": -1, ""value"": ""Unspecified""}, ""Purpose"": {""endIndexInSegment"": -1, ""startIndexInSegment"": -1, ""value"": ""Unspecified""}, ""Personal Information Type"": {""endIndexInSegment"": 468, ""startIndexInSegment"": 338, ""selectedText"": ""nformation provided to us online in ways unrelated to the ones described above without letting you know and offering you a choice."", ""value"": ""Unspecified""}, ""Choice Type"": {""endIndexInSegment"": 172, ""startIndexInSegment"": 118, ""selectedText"": ""Unless we have your permission or are required by law,"", ""value"": ""Opt-in""}, ""Identifiability"": {""endIndexInSegment"": 336, ""startIndexInSegment"": 313, ""selectedText"": ""personally identifiable"", ""value"": ""Identifiable""}, ""Does/Does Not"": {""endIndexInSegment"": -1, ""startIndexInSegment"": -1, ""value"": ""Does""}, ""User Type"": {""endIndexInSegment"": -1, ""startIndexInSegment"": -1, ""value"": ""Unspecified""}, ""Action Third Party"": {""endIndexInSegment"": 308, ""startIndexInSegment"": 303, ""selectedText"": ""share"", ""value"": ""Receive/Shared with""}}",338,468
48,7413,3732,3,Third Party Sharing/Collection,1,"Unless we have your permission or are required by law,","{""Third Party Entity"": {""endIndexInSegment"": -1, ""startIndexInSegment"": -1, ""value"": ""Unspecified""}, ""Choice Scope"": {""endIndexInSegment"": -1, ""startIndexInSegment"": -1, ""value"": ""Unspecified""}, ""Purpose"": {""endIndexInSegment"": -1, ""startIndexInSegment"": -1, ""value"": ""Unspecified""}, ""Personal Information Type"": {""endIndexInSegment"": 468, ""startIndexInSegment"": 338, ""selectedText"": ""nformation provided to us online in ways unrelated to the ones described above without letting you know and offering you a choice."", ""value"": ""Unspecified""}, ""Choice Type"": {""endIndexInSegment"": 172, ""startIndexInSegment"": 118, ""selectedText"": ""Unless we have your permission or are required by law,"", ""value"": ""Opt-in""}, ""Identifiability"": {""endIndexInSegment"": 336, ""startIndexInSegment"": 313, ""selectedText"": ""personally identifiable"", ""value"": ""Identifiable""}, ""Does/Does Not"": {""endIndexInSegment"": -1, ""startIndexInSegment"": -1, ""value"": ""Does""}, ""User Type"": {""endIndexInSegment"": -1, ""startIndexInSegment"": -1, ""value"": ""Unspecified""}, ""Action Third Party"": {""endIndexInSegment"": 308, ""startIndexInSegment"": 303, ""selectedText"": ""share"", ""value"": ""Receive/Shared with""}}",118,172
49,7413,3732,3,Third Party Sharing/Collection,1,personally identifiable,"{""Third Party Entity"": {""endIndexInSegment"": -1, ""startIndexInSegment"": -1, ""value"": ""Unspecified""}, ""Choice Scope"": {""endIndexInSegment"": -1, ""startIndexInSegment"": -1, ""value"": ""Unspecified""}, ""Purpose"": {""endIndexInSegment"": -1, ""startIndexInSegment"": -1, ""value"": ""Unspecified""}, ""Personal Information Type"": {""endIndexInSegment"": 468, ""startIndexInSegment"": 338, ""selectedText"": ""nformation provided to us online in ways unrelated to the ones described above without letting you know and offering you a choice."", ""value"": ""Unspecified""}, ""Choice Type"": {""endIndexInSegment"": 172, ""startIndexInSegment"": 118, ""selectedText"": ""Unless we have your permission or are required by law,"", ""value"": ""Opt-in""}, ""Identifiability"": {""endIndexInSegment"": 336, ""startIndexInSegment"": 313, ""selectedText"": ""personally identifiable"", ""value"": ""Identifiable""}, ""Does/Does Not"": {""endIndexInSegment"": -1, ""startIndexInSegment"": -1, ""value"": ""Does""}, ""User Type"": {""endIndexInSegment"": -1, ""startIndexInSegment"": -1, ""value"": ""Unspecified""}, ""Action Third Party"": {""endIndexInSegment"": 308, ""startIndexInSegment"": 303, ""selectedText"": ""share"", ""value"": ""Receive/Shared with""}}",313,336
50,7413,3732,3,Third Party Sharing/Collection,1,share,"{""Third Party Entity"": {""endIndexInSegment"": -1, ""startIndexInSegment"": -1, ""value"": ""Unspecified""}, ""Choice Scope"": {""endIndexInSegment"": -1, ""startIndexInSegment"": -1, ""value"": ""Unspecified""}, ""Purpose"": {""endIndexInSegment"": -1, ""startIndexInSegment"": -1, ""value"": ""Unspecified""}, ""Personal Information Type"": {""endIndexInSegment"": 468, ""startIndexInSegment"": 338, ""selectedText"": ""nformation provided to us online in ways unrelated to the ones described above without letting you know and offering you a choice."", ""value"": ""Unspecified""}, ""Choice Type"": {""endIndexInSegment"": 172, ""startIndexInSegment"": 118, ""selectedText"": ""Unless we have your permission or are required by law,"", ""value"": ""Opt-in""}, ""Identifiability"": {""endIndexInSegment"": 336, ""startIndexInSegment"": 313, ""selectedText"": ""personally identifiable"", ""value"": ""Identifiable""}, ""Does/Does Not"": {""endIndexInSegment"": -1, ""startIndexInSegment"": -1, ""value"": ""Does""}, ""User Type"": {""endIndexInSegment"": -1, ""startIndexInSegment"": -1, ""value"": ""Unspecified""}, ""Action Third Party"": {""endIndexInSegment"": 308, ""startIndexInSegment"": 303, ""selectedText"": ""share"", ""value"": ""Receive/Shared with""}}",303,308
51,7414,3732,3,Third Party Sharing/Collection,1,"or are required by law,","{""Third Party Entity"": {""endIndexInSegment"": -1, ""startIndexInSegment"": -1, ""value"": ""Unspecified""}, ""Choice Scope"": {""endIndexInSegment"": -1, ""startIndexInSegment"": -1, ""value"": ""Unspecified""}, ""Purpose"": {""endIndexInSegment"": 172, ""startIndexInSegment"": 149, ""selectedText"": ""or are required by law,"", ""value"": ""Legal requirement""}, ""Personal Information Type"": {""endIndexInSegment"": 468, ""startIndexInSegment"": 338, ""selectedText"": ""nformation provided to us online in ways unrelated to the ones described above without letting you know and offering you a choice."", ""value"": ""Unspecified""}, ""Choice Type"": {""endIndexInSegment"": 172, ""startIndexInSegment"": 118, ""selectedText"": ""Unless we have your permission or are required by law,"", ""value"": ""Opt-in""}, ""Identifiability"": {""endIndexInSegment"": 336, ""startIndexInSegment"": 313, ""selectedText"": ""personally identifiable"", ""value"": ""Identifiable""}, ""Does/Does Not"": {""endIndexInSegment"": -1, ""startIndexInSegment"": -1, ""value"": ""Does""}, ""User Type"": {""endIndexInSegment"": -1, ""startIndexInSegment"": -1, ""value"": ""Unspecified""}, ""Action Third Party"": {""endIndexInSegment"": 308, ""startIndexInSegment"": 303, ""selectedText"": ""share"", ""value"": ""Receive/Shared with""}}",149,172
52,7414,3732,3,Third Party Sharing/Collection,1,nformation provided to us online in ways unrelated to the ones described above without letting you know and offering you a choice.,"{""Third Party Entity"": {""endIndexInSegment"": -1, ""startIndexInSegment"": -1, ""value"": ""Unspecified""}, ""Choice Scope"": {""endIndexInSegment"": -1, ""startIndexInSegment"": -1, ""value"": ""Unspecified""}, ""Purpose"": {""endIndexInSegment"": 172, ""startIndexInSegment"": 149, ""selectedText"": ""or are required by law,"", ""value"": ""Legal requirement""}, ""Personal Information Type"": {""endIndexInSegment"": 468, ""startIndexInSegment"": 338, ""selectedText"": ""nformation provided to us online in ways unrelated to the ones described above without letting you know and offering you a choice."", ""value"": ""Unspecified""}, ""Choice Type"": {""endIndexInSegment"": 172, ""startIndexInSegment"": 118, ""selectedText"": ""Unless we have your permission or are required by law,"", ""value"": ""Opt-in""}, ""Identifiability"": {""endIndexInSegment"": 336, ""startIndexInSegment"": 313, ""selectedText"": ""personally identifiable"", ""value"": ""Identifiable""}, ""Does/Does Not"": {""endIndexInSegment"": -1, ""startIndexInSegment"": -1, ""value"": ""Does""}, ""User Type"": {""endIndexInSegment"": -1, ""startIndexInSegment"": -1, ""value"": ""Unspecified""}, ""Action Third Party"": {""endIndexInSegment"": 308, ""startIndexInSegment"": 303, ""selectedText"": ""share"", ""value"": ""Receive/Shared with""}}",338,468
53,7414,3732,3,Third Party Sharing/Collection,1,"Unless we have your permission or are required by law,","{""Third Party Entity"": {""endIndexInSegment"": -1, ""startIndexInSegment"": -1, ""value"": ""Unspecified""}, ""Choice Scope"": {""endIndexInSegment"": -1, ""startIndexInSegment"": -1, ""value"": ""Unspecified""}, ""Purpose"": {""endIndexInSegment"": 172, ""startIndexInSegment"": 149, ""selectedText"": ""or are required by law,"", ""value"": ""Legal requirement""}, ""Personal Information Type"": {""endIndexInSegment"": 468, ""startIndexInSegment"": 338, ""selectedText"": ""nformation provided to us online in ways unrelated to the ones described above without letting you know and offering you a choice."", ""value"": ""Unspecified""}, ""Choice Type"": {""endIndexInSegment"": 172, ""startIndexInSegment"": 118, ""selectedText"": ""Unless we have your permission or are required by law,"", ""value"": ""Opt-in""}, ""Identifiability"": {""endIndexInSegment"": 336, ""startIndexInSegment"": 313, ""selectedText"": ""personally identifiable"", ""value"": ""Identifiable""}, ""Does/Does Not"": {""endIndexInSegment"": -1, ""startIndexInSegment"": -1, ""value"": ""Does""}, ""User Type"": {""endIndexInSegment"": -1, ""startIndexInSegment"": -1, ""value"": ""Unspecified""}, ""Action Third Party"": {""endIndexInSegment"": 308, ""startIndexInSegment"": 303, ""selectedText"": ""share"", ""value"": ""Receive/Shared with""}}",118,172
54,7414,3732,3,Third Party Sharing/Collection,1,personally identifiable,"{""Third Party Entity"": {""endIndexInSegment"": -1, ""startIndexInSegment"": -1, ""value"": ""Unspecified""}, ""Choice Scope"": {""endIndexInSegment"": -1, ""startIndexInSegment"": -1, ""value"": ""Unspecified""}, ""Purpose"": {""endIndexInSegment"": 172, ""startIndexInSegment"": 149, ""selectedText"": ""or are required by law,"", ""value"": ""Legal requirement""}, ""Personal Information Type"": {""endIndexInSegment"": 468, ""startIndexInSegment"": 338, ""selectedText"": ""nformation provided to us online in ways unrelated to the ones described above without letting you know and offering you a choice."", ""value"": ""Unspecified""}, ""Choice Type"": {""endIndexInSegment"": 172, ""startIndexInSegment"": 118, ""selectedText"": ""Unless we have your permission or are required by law,"", ""value"": ""Opt-in""}, ""Identifiability"": {""endIndexInSegment"": 336, ""startIndexInSegment"": 313, ""selectedText"": ""personally identifiable"", ""value"": ""Identifiable""}, ""Does/Does Not"": {""endIndexInSegment"": -1, ""startIndexInSegment"": -1, ""value"": ""Does""}, ""User Type"": {""endIndexInSegment"": -1, ""startIndexInSegment"": -1, ""value"": ""Unspecified""}, ""Action Third Party"": {""endIndexInSegment"": 308, ""startIndexInSegment"": 303, ""selectedText"": ""share"", ""value"": ""Receive/Shared with""}}",313,336
55,7414,3732,3,Third Party Sharing/Collection,1,share,"{""Third Party Entity"": {""endIndexInSegment"": -1, ""startIndexInSegment"": -1, ""value"": ""Unspecified""}, ""Choice Scope"": {""endIndexInSegment"": -1, ""startIndexInSegment"": -1, ""value"": ""Unspecified""}, ""Purpose"": {""endIndexInSegment"": 172, ""startIndexInSegment"": 149, ""selectedText"": ""or are required by law,"", ""value"": ""Legal requirement""}, ""Personal Information Type"": {""endIndexInSegment"": 468, ""startIndexInSegment"": 338, ""selectedText"": ""nformation provided to us online in ways unrelated to the ones described above without letting you know and offering you a choice."", ""value"": ""Unspecified""}, ""Choice Type"": {""endIndexInSegment"": 172, ""startIndexInSegment"": 118, ""selectedText"": ""Unless we have your permission or are required by law,"", ""value"": ""Opt-in""}, ""Identifiability"": {""endIndexInSegment"": 336, ""startIndexInSegment"": 313, ""selectedText"": ""personally identifiable"", ""value"": ""Identifiable""}, ""Does/Does Not"": {""endIndexInSegment"": -1, ""startIndexInSegment"": -1, ""value"": ""Does""}, ""User Type"": {""endIndexInSegment"": -1, ""startIndexInSegment"": -1, ""value"": ""Unspecified""}, ""Action Third Party"": {""endIndexInSegment"": 308, ""startIndexInSegment"": 303, ""selectedText"": ""share"", ""value"": ""Receive/Shared with""}}",303,308
56,7415,3732,3,Third Party Sharing/Collection,1,nformation provided to us online in ways unrelated to the ones described above without letting you know and offering you a choice.,"{""Third Party Entity"": {""endIndexInSegment"": -1, ""startIndexInSegment"": -1, ""value"": ""Unspecified""}, ""Choice Scope"": {""endIndexInSegment"": -1, ""startIndexInSegment"": -1, ""value"": ""Unspecified""}, ""Purpose"": {""endIndexInSegment"": -1, ""startIndexInSegment"": -1, ""value"": ""Unspecified""}, ""Personal Information Type"": {""endIndexInSegment"": 468, ""startIndexInSegment"": 338, ""selectedText"": ""nformation provided to us online in ways unrelated to the ones described above without letting you know and offering you a choice."", ""value"": ""Unspecified""}, ""Choice Type"": {""endIndexInSegment"": 468, ""startIndexInSegment"": 417, ""selectedText"": ""without letting you know and offering you a choice."", ""value"": ""Unspecified""}, ""Identifiability"": {""endIndexInSegment"": 336, ""startIndexInSegment"": 313, ""selectedText"": ""personally identifiable"", ""value"": ""Identifiable""}, ""Does/Does Not"": {""endIndexInSegment"": 295, ""startIndexInSegment"": 287, ""selectedText"": ""will not"", ""value"": ""Does Not""}, ""User Type"": {""endIndexInSegment"": -1, ""startIndexInSegment"": -1, ""value"": ""Unspecified""}, ""Action Third Party"": {""endIndexInSegment"": 308, ""startIndexInSegment"": 303, ""selectedText"": ""share"", ""value"": ""Receive/Shared with""}}",338,468
57,7415,3732,3,Third Party Sharing/Collection,1,without letting you know and offering you a choice.,"{""Third Party Entity"": {""endIndexInSegment"": -1, ""startIndexInSegment"": -1, ""value"": ""Unspecified""}, ""Choice Scope"": {""endIndexInSegment"": -1, ""startIndexInSegment"": -1, ""value"": ""Unspecified""}, ""Purpose"": {""endIndexInSegment"": -1, ""startIndexInSegment"": -1, ""value"": ""Unspecified""}, ""Personal Information Type"": {""endIndexInSegment"": 468, ""startIndexInSegment"": 338, ""selectedText"": ""nformation provided to us online in ways unrelated to the ones described above without letting you know and offering you a choice."", ""value"": ""Unspecified""}, ""Choice Type"": {""endIndexInSegment"": 468, ""startIndexInSegment"": 417, ""selectedText"": ""without letting you know and offering you a choice."", ""value"": ""Unspecified""}, ""Identifiability"": {""endIndexInSegment"": 336, ""startIndexInSegment"": 313, ""selectedText"": ""personally identifiable"", ""value"": ""Identifiable""}, ""Does/Does Not"": {""endIndexInSegment"": 295, ""startIndexInSegment"": 287, ""selectedText"": ""will not"", ""value"": ""Does Not""}, ""User Type"": {""endIndexInSegment"": -1, ""startIndexInSegment"": -1, ""value"": ""Unspecified""}, ""Action Third Party"": {""endIndexInSegment"": 308, ""startIndexInSegment"": 303, ""selectedText"": ""share"", ""value"": ""Receive/Shared with""}}",417,468
58,7415,3732,3,Third Party Sharing/Collection,1,personally identifiable,"{""Third Party Entity"": {""endIndexInSegment"": -1, ""startIndexInSegment"": -1, ""value"": ""Unspecified""}, ""Choice Scope"": {""endIndexInSegment"": -1, ""startIndexInSegment"": -1, ""value"": ""Unspecified""}, ""Purpose"": {""endIndexInSegment"": -1, ""startIndexInSegment"": -1, ""value"": ""Unspecified""}, ""Personal Information Type"": {""endIndexInSegment"": 468, ""startIndexInSegment"": 338, ""selectedText"": ""nformation provided to us online in ways unrelated to the ones described above without letting you know and offering you a choice."", ""value"": ""Unspecified""}, ""Choice Type"": {""endIndexInSegment"": 468, ""startIndexInSegment"": 417, ""selectedText"": ""without letting you know and offering you a choice."", ""value"": ""Unspecified""}, ""Identifiability"": {""endIndexInSegment"": 336, ""startIndexInSegment"": 313, ""selectedText"": ""personally identifiable"", ""value"": ""Identifiable""}, ""Does/Does Not"": {""endIndexInSegment"": 295, ""startIndexInSegment"": 287, ""selectedText"": ""will not"", ""value"": ""Does Not""}, ""User Type"": {""endIndexInSegment"": -1, ""startIndexInSegment"": -1, ""value"": ""Unspecified""}, ""Action Third Party"": {""endIndexInSegment"": 308, ""startIndexInSegment"": 303, ""selectedText"": ""share"", ""value"": ""Receive/Shared with""}}",313,336
59,7415,3732,3,Third Party Sharing/Collection,1,share,"{""Third Party Entity"": {""endIndexInSegment"": -1, ""startIndexInSegment"": -1, ""value"": ""Unspecified""}, ""Choice Scope"": {""endIndexInSegment"": -1, ""startIndexInSegment"": -1, ""value"": ""Unspecified""}, ""Purpose"": {""endIndexInSegment"": -1, ""startIndexInSegment"": -1, ""value"": ""Unspecified""}, ""Personal Information Type"": {""endIndexInSegment"": 468, ""startIndexInSegment"": 338, ""selectedText"": ""nformation provided to us online in ways unrelated to the ones described above without letting you know and offering you a choice."", ""value"": ""Unspecified""}, ""Choice Type"": {""endIndexInSegment"": 468, ""startIndexInSegment"": 417, ""selectedText"": ""without letting you know and offering you a choice."", ""value"": ""Unspecified""}, ""Identifiability"": {""endIndexInSegment"": 336, ""startIndexInSegment"": 313, ""selectedText"": ""personally identifiable"", ""value"": ""Identifiable""}, ""Does/Does Not"": {""endIndexInSegment"": 295, ""startIndexInSegment"": 287, ""selectedText"": ""will not"", ""value"": ""Does Not""}, ""User Type"": {""endIndexInSegment"": -1, ""startIndexInSegment"": -1, ""value"": ""Unspecified""}, ""Action Third Party"": {""endIndexInSegment"": 308, ""startIndexInSegment"": 303, ""selectedText"": ""share"", ""value"": ""Receive/Shared with""}}",303,308
60,7415,3732,3,Third Party Sharing/Collection,1,will not,"{""Third Party Entity"": {""endIndexInSegment"": -1, ""startIndexInSegment"": -1, ""value"": ""Unspecified""}, ""Choice Scope"": {""endIndexInSegment"": -1, ""startIndexInSegment"": -1, ""value"": ""Unspecified""}, ""Purpose"": {""endIndexInSegment"": -1, ""startIndexInSegment"": -1, ""value"": ""Unspecified""}, ""Personal Information Type"": {""endIndexInSegment"": 468, ""startIndexInSegment"": 338, ""selectedText"": ""nformation provided to us online in ways unrelated to the ones described above without letting you know and offering you a choice."", ""value"": ""Unspecified""}, ""Choice Type"": {""endIndexInSegment"": 468, ""startIndexInSegment"": 417, ""selectedText"": ""without letting you know and offering you a choice."", ""value"": ""Unspecified""}, ""Identifiability"": {""endIndexInSegment"": 336, ""startIndexInSegment"": 313, ""selectedText"": ""personally identifiable"", ""value"": ""Identifiable""}, ""Does/Does Not"": {""endIndexInSegment"": 295, ""startIndexInSegment"": 287, ""selectedText"": ""will not"", ""value"": ""Does Not""}, ""User Type"": {""endIndexInSegment"": -1, ""startIndexInSegment"": -1, ""value"": ""Unspecified""}, ""Action Third Party"": {""endIndexInSegment"": 308, ""startIndexInSegment"": 303, ""selectedText"": ""share"", ""value"": ""Receive/Shared with""}}",287,295
61,7416,3732,3,First Party Collection/Use,0,"sell, rent, or lease","{""Collection Mode"": {""endIndexInSegment"": -1, ""startIndexInSegment"": -1, ""value"": ""Unspecified""}, ""Choice Scope"": {""endIndexInSegment"": -1, ""startIndexInSegment"": -1, ""value"": ""Unspecified""}, ""Action First-Party"": {""endIndexInSegment"": 33, ""startIndexInSegment"": 13, ""selectedText"": ""sell, rent, or lease"", ""value"": ""Other""}, ""Personal Information Type"": {""endIndexInSegment"": -1, ""startIndexInSegment"": -1, ""value"": ""Unspecified""}, ""Choice Type"": {""endIndexInSegment"": -1, ""startIndexInSegment"": -1, ""value"": ""Unspecified""}, ""Identifiability"": {""endIndexInSegment"": 62, ""startIndexInSegment"": 39, ""selectedText"": ""personally identifiable"", ""value"": ""Identifiable""}, ""Does/Does Not"": {""endIndexInSegment"": 12, ""startIndexInSegment"": 4, ""selectedText"": ""will not"", ""value"": ""Does Not""}, ""User Type"": {""endIndexInSegment"": -1, ""startIndexInSegment"": -1, ""value"": ""Unspecified""}, ""Purpose"": {""endIndexInSegment"": 33, ""startIndexInSegment"": 13, ""selectedText"": ""sell, rent, or lease"", ""value"": ""Other""}}",13,33
62,7416,3732,3,First Party Collection/Use,0,personally identifiable,"{""Collection Mode"": {""endIndexInSegment"": -1, ""startIndexInSegment"": -1, ""value"": ""Unspecified""}, ""Choice Scope"": {""endIndexInSegment"": -1, ""startIndexInSegment"": -1, ""value"": ""Unspecified""}, ""Action First-Party"": {""endIndexInSegment"": 33, ""startIndexInSegment"": 13, ""selectedText"": ""sell, rent, or lease"", ""value"": ""Other""}, ""Personal Information Type"": {""endIndexInSegment"": -1, ""startIndexInSegment"": -1, ""value"": ""Unspecified""}, ""Choice Type"": {""endIndexInSegment"": -1, ""startIndexInSegment"": -1, ""value"": ""Unspecified""}, ""Identifiability"": {""endIndexInSegment"": 62, ""startIndexInSegment"": 39, ""selectedText"": ""personally identifiable"", ""value"": ""Identifiable""}, ""Does/Does Not"": {""endIndexInSegment"": 12, ""startIndexInSegment"": 4, ""selectedText"": ""will not"", ""value"": ""Does Not""}, ""User Type"": {""endIndexInSegment"": -1, ""startIndexInSegment"": -1, ""value"": ""Unspecified""}, ""Purpose"": {""endIndexInSegment"": 33, ""startIndexInSegment"": 13, ""selectedText"": ""sell, rent, or lease"", ""value"": ""Other""}}",39,62
63,7416,3732,3,First Party Collection/Use,0,will not,"{""Collection Mode"": {""endIndexInSegment"": -1, ""startIndexInSegment"": -1, ""value"": ""Unspecified""}, ""Choice Scope"": {""endIndexInSegment"": -1, ""startIndexInSegment"": -1, ""value"": ""Unspecified""}, ""Action First-Party"": {""endIndexInSegment"": 33, ""startIndexInSegment"": 13, ""selectedText"": ""sell, rent, or lease"", ""value"": ""Other""}, ""Personal Information Type"": {""endIndexInSegment"": -1, ""startIndexInSegment"": -1, ""value"": ""Unspecified""}, ""Choice Type"": {""endIndexInSegment"": -1, ""startIndexInSegment"": -1, ""value"": ""Unspecified""}, ""Identifiability"": {""endIndexInSegment"": 62, ""startIndexInSegment"": 39, ""selectedText"": ""personally identifiable"", ""value"": ""Identifiable""}, ""Does/Does Not"": {""endIndexInSegment"": 12, ""startIndexInSegment"": 4, ""selectedText"": ""will not"", ""value"": ""Does Not""}, ""User Type"": {""endIndexInSegment"": -1, ""startIndexInSegment"": -1, ""value"": ""Unspecified""}, ""Purpose"": {""endIndexInSegment"": 33, ""startIndexInSegment"": 13, ""selectedText"": ""sell, rent, or lease"", ""value"": ""Other""}}",4,12
64,7416,3732,3,First Party Collection/Use,0,"sell, rent, or lease","{""Collection Mode"": {""endIndexInSegment"": -1, ""startIndexInSegment"": -1, ""value"": ""Unspecified""}, ""Choice Scope"": {""endIndexInSegment"": -1, ""startIndexInSegment"": -1, ""value"": ""Unspecified""}, ""Action First-Party"": {""endIndexInSegment"": 33, ""startIndexInSegment"": 13, ""selectedText"": ""sell, rent, or lease"", ""value"": ""Other""}, ""Personal Information Type"": {""endIndexInSegment"": -1, ""startIndexInSegment"": -1, ""value"": ""Unspecified""}, ""Choice Type"": {""endIndexInSegment"": -1, ""startIndexInSegment"": -1, ""value"": ""Unspecified""}, ""Identifiability"": {""endIndexInSegment"": 62, ""startIndexInSegment"": 39, ""selectedText"": ""personally identifiable"", ""value"": ""Identifiable""}, ""Does/Does Not"": {""endIndexInSegment"": 12, ""startIndexInSegment"": 4, ""selectedText"": ""will not"", ""value"": ""Does Not""}, ""User Type"": {""endIndexInSegment"": -1, ""startIndexInSegment"": -1, ""value"": ""Unspecified""}, ""Purpose"": {""endIndexInSegment"": 33, ""startIndexInSegment"": 13, ""selectedText"": ""sell, rent, or lease"", ""value"": ""Other""}}",13,33
65,C2546,3732,4,Data Security,5,"The MFA is committed to ensuring the security of your information. To prevent unauthorized access, maintain data accuracy, and ensure the appropriate use of information, we have put in place appropriate physical, electronic, and managerial procedures to safeguard and secure the information we collect online.","{""Security Measure"": {""endIndexInSegment"": 309, ""startIndexInSegment"": 0, ""selectedText"": ""The MFA is committed to ensuring the security of your information. To prevent unauthorized access, maintain data accuracy, and ensure the appropriate use of information, we have put in place appropriate physical, electronic, and managerial procedures to safeguard and secure the information we collect online."", ""value"": ""Generic""}}",0,309
66,C2547,3732,5,Practice not covered,10,"To assist users in finding related information, MFA provides links to other websites. Once users have left the MFA website and have entered another site, they are subject to the privacy policy of that site and MFA cannot be responsible for the privacy practices or the content of such websites.","{""Other Type"": {""endIndexInSegment"": 315, ""startIndexInSegment"": 21, ""selectedText"": ""To assist users in finding related information, MFA provides links to other websites. Once users have left the MFA website and have entered another site, they are subject to the privacy policy of that site and MFA cannot be responsible for the privacy practices or the content of such websites."", ""value"": ""Practice not covered""}}",21,315
