,annotation_id,policy_id,segment_id,data_practice,label,selected_text,content_json,start,end
0,C1046,3704,0,First Party Collection/Use,0,we give you opportunities to provide your,"{""Collection Mode"": {""endIndexInSegment"": 234, ""startIndexInSegment"": 193, ""selectedText"": ""we give you opportunities to provide your"", ""value"": ""Explicit""}, ""Choice Scope"": {""endIndexInSegment"": -1, ""startIndexInSegment"": -1, ""value"": ""Unspecified""}, ""Action First-Party"": {""endIndexInSegment"": 192, ""startIndexInSegment"": 180, ""selectedText"": ""In our site,"", ""value"": ""Collect on website""}, ""Personal Information Type"": {""endIndexInSegment"": 286, ""startIndexInSegment"": 260, ""selectedText"": ""other relevant information"", ""value"": ""Unspecified""}, ""Choice Type"": {""endIndexInSegment"": -1, ""startIndexInSegment"": -1, ""value"": ""Unspecified""}, ""Identifiability"": {""endIndexInSegment"": -1, ""startIndexInSegment"": -1, ""value"": ""Unspecified""}, ""Does/Does Not"": {""endIndexInSegment"": 234, ""startIndexInSegment"": 219, ""selectedText"": ""to provide your"", ""value"": ""Does""}, ""User Type"": {""endIndexInSegment"": -1, ""startIndexInSegment"": -1, ""value"": ""Unspecified""}, ""Purpose"": {""endIndexInSegment"": 350, ""startIndexInSegment"": 299, ""selectedText"": ""to give you a more personalized shopping experience"", ""value"": ""Personalization/Customization""}}",193,234
1,C1046,3704,0,First Party Collection/Use,0,"In our site,","{""Collection Mode"": {""endIndexInSegment"": 234, ""startIndexInSegment"": 193, ""selectedText"": ""we give you opportunities to provide your"", ""value"": ""Explicit""}, ""Choice Scope"": {""endIndexInSegment"": -1, ""startIndexInSegment"": -1, ""value"": ""Unspecified""}, ""Action First-Party"": {""endIndexInSegment"": 192, ""startIndexInSegment"": 180, ""selectedText"": ""In our site,"", ""value"": ""Collect on website""}, ""Personal Information Type"": {""endIndexInSegment"": 286, ""startIndexInSegment"": 260, ""selectedText"": ""other relevant information"", ""value"": ""Unspecified""}, ""Choice Type"": {""endIndexInSegment"": -1, ""startIndexInSegment"": -1, ""value"": ""Unspecified""}, ""Identifiability"": {""endIndexInSegment"": -1, ""startIndexInSegment"": -1, ""value"": ""Unspecified""}, ""Does/Does Not"": {""endIndexInSegment"": 234, ""startIndexInSegment"": 219, ""selectedText"": ""to provide your"", ""value"": ""Does""}, ""User Type"": {""endIndexInSegment"": -1, ""startIndexInSegment"": -1, ""value"": ""Unspecified""}, ""Purpose"": {""endIndexInSegment"": 350, ""startIndexInSegment"": 299, ""selectedText"": ""to give you a more personalized shopping experience"", ""value"": ""Personalization/Customization""}}",180,192
2,C1046,3704,0,First Party Collection/Use,0,other relevant information,"{""Collection Mode"": {""endIndexInSegment"": 234, ""startIndexInSegment"": 193, ""selectedText"": ""we give you opportunities to provide your"", ""value"": ""Explicit""}, ""Choice Scope"": {""endIndexInSegment"": -1, ""startIndexInSegment"": -1, ""value"": ""Unspecified""}, ""Action First-Party"": {""endIndexInSegment"": 192, ""startIndexInSegment"": 180, ""selectedText"": ""In our site,"", ""value"": ""Collect on website""}, ""Personal Information Type"": {""endIndexInSegment"": 286, ""startIndexInSegment"": 260, ""selectedText"": ""other relevant information"", ""value"": ""Unspecified""}, ""Choice Type"": {""endIndexInSegment"": -1, ""startIndexInSegment"": -1, ""value"": ""Unspecified""}, ""Identifiability"": {""endIndexInSegment"": -1, ""startIndexInSegment"": -1, ""value"": ""Unspecified""}, ""Does/Does Not"": {""endIndexInSegment"": 234, ""startIndexInSegment"": 219, ""selectedText"": ""to provide your"", ""value"": ""Does""}, ""User Type"": {""endIndexInSegment"": -1, ""startIndexInSegment"": -1, ""value"": ""Unspecified""}, ""Purpose"": {""endIndexInSegment"": 350, ""startIndexInSegment"": 299, ""selectedText"": ""to give you a more personalized shopping experience"", ""value"": ""Personalization/Customization""}}",260,286
3,C1046,3704,0,First Party Collection/Use,0,to provide your,"{""Collection Mode"": {""endIndexInSegment"": 234, ""startIndexInSegment"": 193, ""selectedText"": ""we give you opportunities to provide your"", ""value"": ""Explicit""}, ""Choice Scope"": {""endIndexInSegment"": -1, ""startIndexInSegment"": -1, ""value"": ""Unspecified""}, ""Action First-Party"": {""endIndexInSegment"": 192, ""startIndexInSegment"": 180, ""selectedText"": ""In our site,"", ""value"": ""Collect on website""}, ""Personal Information Type"": {""endIndexInSegment"": 286, ""startIndexInSegment"": 260, ""selectedText"": ""other relevant information"", ""value"": ""Unspecified""}, ""Choice Type"": {""endIndexInSegment"": -1, ""startIndexInSegment"": -1, ""value"": ""Unspecified""}, ""Identifiability"": {""endIndexInSegment"": -1, ""startIndexInSegment"": -1, ""value"": ""Unspecified""}, ""Does/Does Not"": {""endIndexInSegment"": 234, ""startIndexInSegment"": 219, ""selectedText"": ""to provide your"", ""value"": ""Does""}, ""User Type"": {""endIndexInSegment"": -1, ""startIndexInSegment"": -1, ""value"": ""Unspecified""}, ""Purpose"": {""endIndexInSegment"": 350, ""startIndexInSegment"": 299, ""selectedText"": ""to give you a more personalized shopping experience"", ""value"": ""Personalization/Customization""}}",219,234
4,C1046,3704,0,First Party Collection/Use,0,to give you a more personalized shopping experience,"{""Collection Mode"": {""endIndexInSegment"": 234, ""startIndexInSegment"": 193, ""selectedText"": ""we give you opportunities to provide your"", ""value"": ""Explicit""}, ""Choice Scope"": {""endIndexInSegment"": -1, ""startIndexInSegment"": -1, ""value"": ""Unspecified""}, ""Action First-Party"": {""endIndexInSegment"": 192, ""startIndexInSegment"": 180, ""selectedText"": ""In our site,"", ""value"": ""Collect on website""}, ""Personal Information Type"": {""endIndexInSegment"": 286, ""startIndexInSegment"": 260, ""selectedText"": ""other relevant information"", ""value"": ""Unspecified""}, ""Choice Type"": {""endIndexInSegment"": -1, ""startIndexInSegment"": -1, ""value"": ""Unspecified""}, ""Identifiability"": {""endIndexInSegment"": -1, ""startIndexInSegment"": -1, ""value"": ""Unspecified""}, ""Does/Does Not"": {""endIndexInSegment"": 234, ""startIndexInSegment"": 219, ""selectedText"": ""to provide your"", ""value"": ""Does""}, ""User Type"": {""endIndexInSegment"": -1, ""startIndexInSegment"": -1, ""value"": ""Unspecified""}, ""Purpose"": {""endIndexInSegment"": 350, ""startIndexInSegment"": 299, ""selectedText"": ""to give you a more personalized shopping experience"", ""value"": ""Personalization/Customization""}}",299,350
5,C1047,3704,0,First Party Collection/Use,0,we give you opportunities to provide your,"{""Collection Mode"": {""endIndexInSegment"": 234, ""startIndexInSegment"": 193, ""selectedText"": ""we give you opportunities to provide your"", ""value"": ""Explicit""}, ""Choice Scope"": {""endIndexInSegment"": -1, ""startIndexInSegment"": -1, ""value"": ""Unspecified""}, ""Action First-Party"": {""endIndexInSegment"": 192, ""startIndexInSegment"": 180, ""selectedText"": ""In our site,"", ""value"": ""Collect on website""}, ""Personal Information Type"": {""endIndexInSegment"": 286, ""startIndexInSegment"": 260, ""selectedText"": ""other relevant information"", ""value"": ""Unspecified""}, ""Choice Type"": {""endIndexInSegment"": -1, ""startIndexInSegment"": -1, ""value"": ""Unspecified""}, ""Identifiability"": {""endIndexInSegment"": -1, ""startIndexInSegment"": -1, ""value"": ""Unspecified""}, ""Does/Does Not"": {""endIndexInSegment"": 234, ""startIndexInSegment"": 219, ""selectedText"": ""to provide your"", ""value"": ""Does""}, ""User Type"": {""endIndexInSegment"": -1, ""startIndexInSegment"": -1, ""value"": ""Unspecified""}, ""Purpose"": {""endIndexInSegment"": 402, ""startIndexInSegment"": 355, ""selectedText"": ""to make ordering and reordering easier for you."", ""value"": ""Additional service/feature""}}",193,234
6,C1047,3704,0,First Party Collection/Use,0,"In our site,","{""Collection Mode"": {""endIndexInSegment"": 234, ""startIndexInSegment"": 193, ""selectedText"": ""we give you opportunities to provide your"", ""value"": ""Explicit""}, ""Choice Scope"": {""endIndexInSegment"": -1, ""startIndexInSegment"": -1, ""value"": ""Unspecified""}, ""Action First-Party"": {""endIndexInSegment"": 192, ""startIndexInSegment"": 180, ""selectedText"": ""In our site,"", ""value"": ""Collect on website""}, ""Personal Information Type"": {""endIndexInSegment"": 286, ""startIndexInSegment"": 260, ""selectedText"": ""other relevant information"", ""value"": ""Unspecified""}, ""Choice Type"": {""endIndexInSegment"": -1, ""startIndexInSegment"": -1, ""value"": ""Unspecified""}, ""Identifiability"": {""endIndexInSegment"": -1, ""startIndexInSegment"": -1, ""value"": ""Unspecified""}, ""Does/Does Not"": {""endIndexInSegment"": 234, ""startIndexInSegment"": 219, ""selectedText"": ""to provide your"", ""value"": ""Does""}, ""User Type"": {""endIndexInSegment"": -1, ""startIndexInSegment"": -1, ""value"": ""Unspecified""}, ""Purpose"": {""endIndexInSegment"": 402, ""startIndexInSegment"": 355, ""selectedText"": ""to make ordering and reordering easier for you."", ""value"": ""Additional service/feature""}}",180,192
7,C1047,3704,0,First Party Collection/Use,0,other relevant information,"{""Collection Mode"": {""endIndexInSegment"": 234, ""startIndexInSegment"": 193, ""selectedText"": ""we give you opportunities to provide your"", ""value"": ""Explicit""}, ""Choice Scope"": {""endIndexInSegment"": -1, ""startIndexInSegment"": -1, ""value"": ""Unspecified""}, ""Action First-Party"": {""endIndexInSegment"": 192, ""startIndexInSegment"": 180, ""selectedText"": ""In our site,"", ""value"": ""Collect on website""}, ""Personal Information Type"": {""endIndexInSegment"": 286, ""startIndexInSegment"": 260, ""selectedText"": ""other relevant information"", ""value"": ""Unspecified""}, ""Choice Type"": {""endIndexInSegment"": -1, ""startIndexInSegment"": -1, ""value"": ""Unspecified""}, ""Identifiability"": {""endIndexInSegment"": -1, ""startIndexInSegment"": -1, ""value"": ""Unspecified""}, ""Does/Does Not"": {""endIndexInSegment"": 234, ""startIndexInSegment"": 219, ""selectedText"": ""to provide your"", ""value"": ""Does""}, ""User Type"": {""endIndexInSegment"": -1, ""startIndexInSegment"": -1, ""value"": ""Unspecified""}, ""Purpose"": {""endIndexInSegment"": 402, ""startIndexInSegment"": 355, ""selectedText"": ""to make ordering and reordering easier for you."", ""value"": ""Additional service/feature""}}",260,286
8,C1047,3704,0,First Party Collection/Use,0,to provide your,"{""Collection Mode"": {""endIndexInSegment"": 234, ""startIndexInSegment"": 193, ""selectedText"": ""we give you opportunities to provide your"", ""value"": ""Explicit""}, ""Choice Scope"": {""endIndexInSegment"": -1, ""startIndexInSegment"": -1, ""value"": ""Unspecified""}, ""Action First-Party"": {""endIndexInSegment"": 192, ""startIndexInSegment"": 180, ""selectedText"": ""In our site,"", ""value"": ""Collect on website""}, ""Personal Information Type"": {""endIndexInSegment"": 286, ""startIndexInSegment"": 260, ""selectedText"": ""other relevant information"", ""value"": ""Unspecified""}, ""Choice Type"": {""endIndexInSegment"": -1, ""startIndexInSegment"": -1, ""value"": ""Unspecified""}, ""Identifiability"": {""endIndexInSegment"": -1, ""startIndexInSegment"": -1, ""value"": ""Unspecified""}, ""Does/Does Not"": {""endIndexInSegment"": 234, ""startIndexInSegment"": 219, ""selectedText"": ""to provide your"", ""value"": ""Does""}, ""User Type"": {""endIndexInSegment"": -1, ""startIndexInSegment"": -1, ""value"": ""Unspecified""}, ""Purpose"": {""endIndexInSegment"": 402, ""startIndexInSegment"": 355, ""selectedText"": ""to make ordering and reordering easier for you."", ""value"": ""Additional service/feature""}}",219,234
9,C1047,3704,0,First Party Collection/Use,0,to make ordering and reordering easier for you.,"{""Collection Mode"": {""endIndexInSegment"": 234, ""startIndexInSegment"": 193, ""selectedText"": ""we give you opportunities to provide your"", ""value"": ""Explicit""}, ""Choice Scope"": {""endIndexInSegment"": -1, ""startIndexInSegment"": -1, ""value"": ""Unspecified""}, ""Action First-Party"": {""endIndexInSegment"": 192, ""startIndexInSegment"": 180, ""selectedText"": ""In our site,"", ""value"": ""Collect on website""}, ""Personal Information Type"": {""endIndexInSegment"": 286, ""startIndexInSegment"": 260, ""selectedText"": ""other relevant information"", ""value"": ""Unspecified""}, ""Choice Type"": {""endIndexInSegment"": -1, ""startIndexInSegment"": -1, ""value"": ""Unspecified""}, ""Identifiability"": {""endIndexInSegment"": -1, ""startIndexInSegment"": -1, ""value"": ""Unspecified""}, ""Does/Does Not"": {""endIndexInSegment"": 234, ""startIndexInSegment"": 219, ""selectedText"": ""to provide your"", ""value"": ""Does""}, ""User Type"": {""endIndexInSegment"": -1, ""startIndexInSegment"": -1, ""value"": ""Unspecified""}, ""Purpose"": {""endIndexInSegment"": 402, ""startIndexInSegment"": 355, ""selectedText"": ""to make ordering and reordering easier for you."", ""value"": ""Additional service/feature""}}",355,402
10,C1048,3704,0,First Party Collection/Use,0,we give you opportunities to provide your,"{""Collection Mode"": {""endIndexInSegment"": 234, ""startIndexInSegment"": 193, ""selectedText"": ""we give you opportunities to provide your"", ""value"": ""Explicit""}, ""Choice Scope"": {""endIndexInSegment"": -1, ""startIndexInSegment"": -1, ""value"": ""Unspecified""}, ""Action First-Party"": {""endIndexInSegment"": 192, ""startIndexInSegment"": 180, ""selectedText"": ""In our site,"", ""value"": ""Collect on website""}, ""Personal Information Type"": {""endIndexInSegment"": 255, ""startIndexInSegment"": 230, ""selectedText"": ""your name, address, email"", ""value"": ""Contact""}, ""Choice Type"": {""endIndexInSegment"": -1, ""startIndexInSegment"": -1, ""value"": ""Unspecified""}, ""Identifiability"": {""endIndexInSegment"": -1, ""startIndexInSegment"": -1, ""value"": ""Unspecified""}, ""Does/Does Not"": {""endIndexInSegment"": 234, ""startIndexInSegment"": 219, ""selectedText"": ""to provide your"", ""value"": ""Does""}, ""User Type"": {""endIndexInSegment"": -1, ""startIndexInSegment"": -1, ""value"": ""Unspecified""}, ""Purpose"": {""endIndexInSegment"": 350, ""startIndexInSegment"": 299, ""selectedText"": ""to give you a more personalized shopping experience"", ""value"": ""Personalization/Customization""}}",193,234
11,C1048,3704,0,First Party Collection/Use,0,"In our site,","{""Collection Mode"": {""endIndexInSegment"": 234, ""startIndexInSegment"": 193, ""selectedText"": ""we give you opportunities to provide your"", ""value"": ""Explicit""}, ""Choice Scope"": {""endIndexInSegment"": -1, ""startIndexInSegment"": -1, ""value"": ""Unspecified""}, ""Action First-Party"": {""endIndexInSegment"": 192, ""startIndexInSegment"": 180, ""selectedText"": ""In our site,"", ""value"": ""Collect on website""}, ""Personal Information Type"": {""endIndexInSegment"": 255, ""startIndexInSegment"": 230, ""selectedText"": ""your name, address, email"", ""value"": ""Contact""}, ""Choice Type"": {""endIndexInSegment"": -1, ""startIndexInSegment"": -1, ""value"": ""Unspecified""}, ""Identifiability"": {""endIndexInSegment"": -1, ""startIndexInSegment"": -1, ""value"": ""Unspecified""}, ""Does/Does Not"": {""endIndexInSegment"": 234, ""startIndexInSegment"": 219, ""selectedText"": ""to provide your"", ""value"": ""Does""}, ""User Type"": {""endIndexInSegment"": -1, ""startIndexInSegment"": -1, ""value"": ""Unspecified""}, ""Purpose"": {""endIndexInSegment"": 350, ""startIndexInSegment"": 299, ""selectedText"": ""to give you a more personalized shopping experience"", ""value"": ""Personalization/Customization""}}",180,192
12,C1048,3704,0,First Party Collection/Use,0,"your name, address, email","{""Collection Mode"": {""endIndexInSegment"": 234, ""startIndexInSegment"": 193, ""selectedText"": ""we give you opportunities to provide your"", ""value"": ""Explicit""}, ""Choice Scope"": {""endIndexInSegment"": -1, ""startIndexInSegment"": -1, ""value"": ""Unspecified""}, ""Action First-Party"": {""endIndexInSegment"": 192, ""startIndexInSegment"": 180, ""selectedText"": ""In our site,"", ""value"": ""Collect on website""}, ""Personal Information Type"": {""endIndexInSegment"": 255, ""startIndexInSegment"": 230, ""selectedText"": ""your name, address, email"", ""value"": ""Contact""}, ""Choice Type"": {""endIndexInSegment"": -1, ""startIndexInSegment"": -1, ""value"": ""Unspecified""}, ""Identifiability"": {""endIndexInSegment"": -1, ""startIndexInSegment"": -1, ""value"": ""Unspecified""}, ""Does/Does Not"": {""endIndexInSegment"": 234, ""startIndexInSegment"": 219, ""selectedText"": ""to provide your"", ""value"": ""Does""}, ""User Type"": {""endIndexInSegment"": -1, ""startIndexInSegment"": -1, ""value"": ""Unspecified""}, ""Purpose"": {""endIndexInSegment"": 350, ""startIndexInSegment"": 299, ""selectedText"": ""to give you a more personalized shopping experience"", ""value"": ""Personalization/Customization""}}",230,255
13,C1048,3704,0,First Party Collection/Use,0,to provide your,"{""Collection Mode"": {""endIndexInSegment"": 234, ""startIndexInSegment"": 193, ""selectedText"": ""we give you opportunities to provide your"", ""value"": ""Explicit""}, ""Choice Scope"": {""endIndexInSegment"": -1, ""startIndexInSegment"": -1, ""value"": ""Unspecified""}, ""Action First-Party"": {""endIndexInSegment"": 192, ""startIndexInSegment"": 180, ""selectedText"": ""In our site,"", ""value"": ""Collect on website""}, ""Personal Information Type"": {""endIndexInSegment"": 255, ""startIndexInSegment"": 230, ""selectedText"": ""your name, address, email"", ""value"": ""Contact""}, ""Choice Type"": {""endIndexInSegment"": -1, ""startIndexInSegment"": -1, ""value"": ""Unspecified""}, ""Identifiability"": {""endIndexInSegment"": -1, ""startIndexInSegment"": -1, ""value"": ""Unspecified""}, ""Does/Does Not"": {""endIndexInSegment"": 234, ""startIndexInSegment"": 219, ""selectedText"": ""to provide your"", ""value"": ""Does""}, ""User Type"": {""endIndexInSegment"": -1, ""startIndexInSegment"": -1, ""value"": ""Unspecified""}, ""Purpose"": {""endIndexInSegment"": 350, ""startIndexInSegment"": 299, ""selectedText"": ""to give you a more personalized shopping experience"", ""value"": ""Personalization/Customization""}}",219,234
14,C1048,3704,0,First Party Collection/Use,0,to give you a more personalized shopping experience,"{""Collection Mode"": {""endIndexInSegment"": 234, ""startIndexInSegment"": 193, ""selectedText"": ""we give you opportunities to provide your"", ""value"": ""Explicit""}, ""Choice Scope"": {""endIndexInSegment"": -1, ""startIndexInSegment"": -1, ""value"": ""Unspecified""}, ""Action First-Party"": {""endIndexInSegment"": 192, ""startIndexInSegment"": 180, ""selectedText"": ""In our site,"", ""value"": ""Collect on website""}, ""Personal Information Type"": {""endIndexInSegment"": 255, ""startIndexInSegment"": 230, ""selectedText"": ""your name, address, email"", ""value"": ""Contact""}, ""Choice Type"": {""endIndexInSegment"": -1, ""startIndexInSegment"": -1, ""value"": ""Unspecified""}, ""Identifiability"": {""endIndexInSegment"": -1, ""startIndexInSegment"": -1, ""value"": ""Unspecified""}, ""Does/Does Not"": {""endIndexInSegment"": 234, ""startIndexInSegment"": 219, ""selectedText"": ""to provide your"", ""value"": ""Does""}, ""User Type"": {""endIndexInSegment"": -1, ""startIndexInSegment"": -1, ""value"": ""Unspecified""}, ""Purpose"": {""endIndexInSegment"": 350, ""startIndexInSegment"": 299, ""selectedText"": ""to give you a more personalized shopping experience"", ""value"": ""Personalization/Customization""}}",299,350
15,C1049,3704,0,First Party Collection/Use,0,we give you opportunities to provide your,"{""Collection Mode"": {""endIndexInSegment"": 234, ""startIndexInSegment"": 193, ""selectedText"": ""we give you opportunities to provide your"", ""value"": ""Explicit""}, ""Choice Scope"": {""endIndexInSegment"": -1, ""startIndexInSegment"": -1, ""value"": ""Unspecified""}, ""Action First-Party"": {""endIndexInSegment"": 192, ""startIndexInSegment"": 180, ""selectedText"": ""In our site,"", ""value"": ""Collect on website""}, ""Personal Information Type"": {""endIndexInSegment"": 255, ""startIndexInSegment"": 230, ""selectedText"": ""your name, address, email"", ""value"": ""Contact""}, ""Choice Type"": {""endIndexInSegment"": -1, ""startIndexInSegment"": -1, ""value"": ""Unspecified""}, ""Identifiability"": {""endIndexInSegment"": -1, ""startIndexInSegment"": -1, ""value"": ""Unspecified""}, ""Does/Does Not"": {""endIndexInSegment"": 234, ""startIndexInSegment"": 219, ""selectedText"": ""to provide your"", ""value"": ""Does""}, ""User Type"": {""endIndexInSegment"": -1, ""startIndexInSegment"": -1, ""value"": ""Unspecified""}, ""Purpose"": {""endIndexInSegment"": 402, ""startIndexInSegment"": 355, ""selectedText"": ""to make ordering and reordering easier for you."", ""value"": ""Additional service/feature""}}",193,234
16,C1049,3704,0,First Party Collection/Use,0,"In our site,","{""Collection Mode"": {""endIndexInSegment"": 234, ""startIndexInSegment"": 193, ""selectedText"": ""we give you opportunities to provide your"", ""value"": ""Explicit""}, ""Choice Scope"": {""endIndexInSegment"": -1, ""startIndexInSegment"": -1, ""value"": ""Unspecified""}, ""Action First-Party"": {""endIndexInSegment"": 192, ""startIndexInSegment"": 180, ""selectedText"": ""In our site,"", ""value"": ""Collect on website""}, ""Personal Information Type"": {""endIndexInSegment"": 255, ""startIndexInSegment"": 230, ""selectedText"": ""your name, address, email"", ""value"": ""Contact""}, ""Choice Type"": {""endIndexInSegment"": -1, ""startIndexInSegment"": -1, ""value"": ""Unspecified""}, ""Identifiability"": {""endIndexInSegment"": -1, ""startIndexInSegment"": -1, ""value"": ""Unspecified""}, ""Does/Does Not"": {""endIndexInSegment"": 234, ""startIndexInSegment"": 219, ""selectedText"": ""to provide your"", ""value"": ""Does""}, ""User Type"": {""endIndexInSegment"": -1, ""startIndexInSegment"": -1, ""value"": ""Unspecified""}, ""Purpose"": {""endIndexInSegment"": 402, ""startIndexInSegment"": 355, ""selectedText"": ""to make ordering and reordering easier for you."", ""value"": ""Additional service/feature""}}",180,192
17,C1049,3704,0,First Party Collection/Use,0,"your name, address, email","{""Collection Mode"": {""endIndexInSegment"": 234, ""startIndexInSegment"": 193, ""selectedText"": ""we give you opportunities to provide your"", ""value"": ""Explicit""}, ""Choice Scope"": {""endIndexInSegment"": -1, ""startIndexInSegment"": -1, ""value"": ""Unspecified""}, ""Action First-Party"": {""endIndexInSegment"": 192, ""startIndexInSegment"": 180, ""selectedText"": ""In our site,"", ""value"": ""Collect on website""}, ""Personal Information Type"": {""endIndexInSegment"": 255, ""startIndexInSegment"": 230, ""selectedText"": ""your name, address, email"", ""value"": ""Contact""}, ""Choice Type"": {""endIndexInSegment"": -1, ""startIndexInSegment"": -1, ""value"": ""Unspecified""}, ""Identifiability"": {""endIndexInSegment"": -1, ""startIndexInSegment"": -1, ""value"": ""Unspecified""}, ""Does/Does Not"": {""endIndexInSegment"": 234, ""startIndexInSegment"": 219, ""selectedText"": ""to provide your"", ""value"": ""Does""}, ""User Type"": {""endIndexInSegment"": -1, ""startIndexInSegment"": -1, ""value"": ""Unspecified""}, ""Purpose"": {""endIndexInSegment"": 402, ""startIndexInSegment"": 355, ""selectedText"": ""to make ordering and reordering easier for you."", ""value"": ""Additional service/feature""}}",230,255
18,C1049,3704,0,First Party Collection/Use,0,to provide your,"{""Collection Mode"": {""endIndexInSegment"": 234, ""startIndexInSegment"": 193, ""selectedText"": ""we give you opportunities to provide your"", ""value"": ""Explicit""}, ""Choice Scope"": {""endIndexInSegment"": -1, ""startIndexInSegment"": -1, ""value"": ""Unspecified""}, ""Action First-Party"": {""endIndexInSegment"": 192, ""startIndexInSegment"": 180, ""selectedText"": ""In our site,"", ""value"": ""Collect on website""}, ""Personal Information Type"": {""endIndexInSegment"": 255, ""startIndexInSegment"": 230, ""selectedText"": ""your name, address, email"", ""value"": ""Contact""}, ""Choice Type"": {""endIndexInSegment"": -1, ""startIndexInSegment"": -1, ""value"": ""Unspecified""}, ""Identifiability"": {""endIndexInSegment"": -1, ""startIndexInSegment"": -1, ""value"": ""Unspecified""}, ""Does/Does Not"": {""endIndexInSegment"": 234, ""startIndexInSegment"": 219, ""selectedText"": ""to provide your"", ""value"": ""Does""}, ""User Type"": {""endIndexInSegment"": -1, ""startIndexInSegment"": -1, ""value"": ""Unspecified""}, ""Purpose"": {""endIndexInSegment"": 402, ""startIndexInSegment"": 355, ""selectedText"": ""to make ordering and reordering easier for you."", ""value"": ""Additional service/feature""}}",219,234
19,C1049,3704,0,First Party Collection/Use,0,to make ordering and reordering easier for you.,"{""Collection Mode"": {""endIndexInSegment"": 234, ""startIndexInSegment"": 193, ""selectedText"": ""we give you opportunities to provide your"", ""value"": ""Explicit""}, ""Choice Scope"": {""endIndexInSegment"": -1, ""startIndexInSegment"": -1, ""value"": ""Unspecified""}, ""Action First-Party"": {""endIndexInSegment"": 192, ""startIndexInSegment"": 180, ""selectedText"": ""In our site,"", ""value"": ""Collect on website""}, ""Personal Information Type"": {""endIndexInSegment"": 255, ""startIndexInSegment"": 230, ""selectedText"": ""your name, address, email"", ""value"": ""Contact""}, ""Choice Type"": {""endIndexInSegment"": -1, ""startIndexInSegment"": -1, ""value"": ""Unspecified""}, ""Identifiability"": {""endIndexInSegment"": -1, ""startIndexInSegment"": -1, ""value"": ""Unspecified""}, ""Does/Does Not"": {""endIndexInSegment"": 234, ""startIndexInSegment"": 219, ""selectedText"": ""to provide your"", ""value"": ""Does""}, ""User Type"": {""endIndexInSegment"": -1, ""startIndexInSegment"": -1, ""value"": ""Unspecified""}, ""Purpose"": {""endIndexInSegment"": 402, ""startIndexInSegment"": 355, ""selectedText"": ""to make ordering and reordering easier for you."", ""value"": ""Additional service/feature""}}",355,402
20,C1050,3704,0,Third Party Sharing/Collection,1,with others,"{""Third Party Entity"": {""endIndexInSegment"": 459, ""startIndexInSegment"": 448, ""selectedText"": ""with others"", ""value"": ""Unspecified""}, ""Choice Scope"": {""endIndexInSegment"": -1, ""startIndexInSegment"": -1, ""value"": ""Unspecified""}, ""Purpose"": {""endIndexInSegment"": 490, ""startIndexInSegment"": 460, ""selectedText"": ""for use on their mailing lists"", ""value"": ""Marketing""}, ""Personal Information Type"": {""endIndexInSegment"": 447, ""startIndexInSegment"": 427, ""selectedText"": ""customer information"", ""value"": ""Unspecified""}, ""Choice Type"": {""endIndexInSegment"": -1, ""startIndexInSegment"": -1, ""value"": ""Unspecified""}, ""Identifiability"": {""endIndexInSegment"": 447, ""startIndexInSegment"": 427, ""selectedText"": ""customer information"", ""value"": ""Unspecified""}, ""Does/Does Not"": {""endIndexInSegment"": 412, ""startIndexInSegment"": 403, ""selectedText"": ""We do not"", ""value"": ""Does Not""}, ""User Type"": {""endIndexInSegment"": -1, ""startIndexInSegment"": -1, ""value"": ""Unspecified""}, ""Action Third Party"": {""endIndexInSegment"": 426, ""startIndexInSegment"": 413, ""selectedText"": ""sell or trade"", ""value"": ""Other""}}",448,459
21,C1050,3704,0,Third Party Sharing/Collection,1,for use on their mailing lists,"{""Third Party Entity"": {""endIndexInSegment"": 459, ""startIndexInSegment"": 448, ""selectedText"": ""with others"", ""value"": ""Unspecified""}, ""Choice Scope"": {""endIndexInSegment"": -1, ""startIndexInSegment"": -1, ""value"": ""Unspecified""}, ""Purpose"": {""endIndexInSegment"": 490, ""startIndexInSegment"": 460, ""selectedText"": ""for use on their mailing lists"", ""value"": ""Marketing""}, ""Personal Information Type"": {""endIndexInSegment"": 447, ""startIndexInSegment"": 427, ""selectedText"": ""customer information"", ""value"": ""Unspecified""}, ""Choice Type"": {""endIndexInSegment"": -1, ""startIndexInSegment"": -1, ""value"": ""Unspecified""}, ""Identifiability"": {""endIndexInSegment"": 447, ""startIndexInSegment"": 427, ""selectedText"": ""customer information"", ""value"": ""Unspecified""}, ""Does/Does Not"": {""endIndexInSegment"": 412, ""startIndexInSegment"": 403, ""selectedText"": ""We do not"", ""value"": ""Does Not""}, ""User Type"": {""endIndexInSegment"": -1, ""startIndexInSegment"": -1, ""value"": ""Unspecified""}, ""Action Third Party"": {""endIndexInSegment"": 426, ""startIndexInSegment"": 413, ""selectedText"": ""sell or trade"", ""value"": ""Other""}}",460,490
22,C1050,3704,0,Third Party Sharing/Collection,1,customer information,"{""Third Party Entity"": {""endIndexInSegment"": 459, ""startIndexInSegment"": 448, ""selectedText"": ""with others"", ""value"": ""Unspecified""}, ""Choice Scope"": {""endIndexInSegment"": -1, ""startIndexInSegment"": -1, ""value"": ""Unspecified""}, ""Purpose"": {""endIndexInSegment"": 490, ""startIndexInSegment"": 460, ""selectedText"": ""for use on their mailing lists"", ""value"": ""Marketing""}, ""Personal Information Type"": {""endIndexInSegment"": 447, ""startIndexInSegment"": 427, ""selectedText"": ""customer information"", ""value"": ""Unspecified""}, ""Choice Type"": {""endIndexInSegment"": -1, ""startIndexInSegment"": -1, ""value"": ""Unspecified""}, ""Identifiability"": {""endIndexInSegment"": 447, ""startIndexInSegment"": 427, ""selectedText"": ""customer information"", ""value"": ""Unspecified""}, ""Does/Does Not"": {""endIndexInSegment"": 412, ""startIndexInSegment"": 403, ""selectedText"": ""We do not"", ""value"": ""Does Not""}, ""User Type"": {""endIndexInSegment"": -1, ""startIndexInSegment"": -1, ""value"": ""Unspecified""}, ""Action Third Party"": {""endIndexInSegment"": 426, ""startIndexInSegment"": 413, ""selectedText"": ""sell or trade"", ""value"": ""Other""}}",427,447
23,C1050,3704,0,Third Party Sharing/Collection,1,customer information,"{""Third Party Entity"": {""endIndexInSegment"": 459, ""startIndexInSegment"": 448, ""selectedText"": ""with others"", ""value"": ""Unspecified""}, ""Choice Scope"": {""endIndexInSegment"": -1, ""startIndexInSegment"": -1, ""value"": ""Unspecified""}, ""Purpose"": {""endIndexInSegment"": 490, ""startIndexInSegment"": 460, ""selectedText"": ""for use on their mailing lists"", ""value"": ""Marketing""}, ""Personal Information Type"": {""endIndexInSegment"": 447, ""startIndexInSegment"": 427, ""selectedText"": ""customer information"", ""value"": ""Unspecified""}, ""Choice Type"": {""endIndexInSegment"": -1, ""startIndexInSegment"": -1, ""value"": ""Unspecified""}, ""Identifiability"": {""endIndexInSegment"": 447, ""startIndexInSegment"": 427, ""selectedText"": ""customer information"", ""value"": ""Unspecified""}, ""Does/Does Not"": {""endIndexInSegment"": 412, ""startIndexInSegment"": 403, ""selectedText"": ""We do not"", ""value"": ""Does Not""}, ""User Type"": {""endIndexInSegment"": -1, ""startIndexInSegment"": -1, ""value"": ""Unspecified""}, ""Action Third Party"": {""endIndexInSegment"": 426, ""startIndexInSegment"": 413, ""selectedText"": ""sell or trade"", ""value"": ""Other""}}",427,447
24,C1050,3704,0,Third Party Sharing/Collection,1,sell or trade,"{""Third Party Entity"": {""endIndexInSegment"": 459, ""startIndexInSegment"": 448, ""selectedText"": ""with others"", ""value"": ""Unspecified""}, ""Choice Scope"": {""endIndexInSegment"": -1, ""startIndexInSegment"": -1, ""value"": ""Unspecified""}, ""Purpose"": {""endIndexInSegment"": 490, ""startIndexInSegment"": 460, ""selectedText"": ""for use on their mailing lists"", ""value"": ""Marketing""}, ""Personal Information Type"": {""endIndexInSegment"": 447, ""startIndexInSegment"": 427, ""selectedText"": ""customer information"", ""value"": ""Unspecified""}, ""Choice Type"": {""endIndexInSegment"": -1, ""startIndexInSegment"": -1, ""value"": ""Unspecified""}, ""Identifiability"": {""endIndexInSegment"": 447, ""startIndexInSegment"": 427, ""selectedText"": ""customer information"", ""value"": ""Unspecified""}, ""Does/Does Not"": {""endIndexInSegment"": 412, ""startIndexInSegment"": 403, ""selectedText"": ""We do not"", ""value"": ""Does Not""}, ""User Type"": {""endIndexInSegment"": -1, ""startIndexInSegment"": -1, ""value"": ""Unspecified""}, ""Action Third Party"": {""endIndexInSegment"": 426, ""startIndexInSegment"": 413, ""selectedText"": ""sell or trade"", ""value"": ""Other""}}",413,426
25,C1050,3704,0,Third Party Sharing/Collection,1,We do not,"{""Third Party Entity"": {""endIndexInSegment"": 459, ""startIndexInSegment"": 448, ""selectedText"": ""with others"", ""value"": ""Unspecified""}, ""Choice Scope"": {""endIndexInSegment"": -1, ""startIndexInSegment"": -1, ""value"": ""Unspecified""}, ""Purpose"": {""endIndexInSegment"": 490, ""startIndexInSegment"": 460, ""selectedText"": ""for use on their mailing lists"", ""value"": ""Marketing""}, ""Personal Information Type"": {""endIndexInSegment"": 447, ""startIndexInSegment"": 427, ""selectedText"": ""customer information"", ""value"": ""Unspecified""}, ""Choice Type"": {""endIndexInSegment"": -1, ""startIndexInSegment"": -1, ""value"": ""Unspecified""}, ""Identifiability"": {""endIndexInSegment"": 447, ""startIndexInSegment"": 427, ""selectedText"": ""customer information"", ""value"": ""Unspecified""}, ""Does/Does Not"": {""endIndexInSegment"": 412, ""startIndexInSegment"": 403, ""selectedText"": ""We do not"", ""value"": ""Does Not""}, ""User Type"": {""endIndexInSegment"": -1, ""startIndexInSegment"": -1, ""value"": ""Unspecified""}, ""Action Third Party"": {""endIndexInSegment"": 426, ""startIndexInSegment"": 413, ""selectedText"": ""sell or trade"", ""value"": ""Other""}}",403,412
26,C1051,3704,0,Data Security,5,Community Coffee Company respects your right to privacy and is committed to protecting it.,"{""Security Measure"": {""endIndexInSegment"": 179, ""startIndexInSegment"": 89, ""selectedText"": ""Community Coffee Company respects your right to privacy and is committed to protecting it."", ""value"": ""Generic""}}",89,179
27,8080,3704,0,Third Party Sharing/Collection,1,with others,"{""Third Party Entity"": {""endIndexInSegment"": 459, ""startIndexInSegment"": 448, ""selectedText"": ""with others"", ""value"": ""Unnamed third party""}, ""Choice Scope"": {""endIndexInSegment"": -1, ""startIndexInSegment"": -1, ""value"": ""not-selected""}, ""Purpose"": {""endIndexInSegment"": 491, ""startIndexInSegment"": 460, ""selectedText"": ""for use on their mailing lists."", ""value"": ""Advertising""}, ""Personal Information Type"": {""endIndexInSegment"": 447, ""startIndexInSegment"": 427, ""selectedText"": ""customer information"", ""value"": ""Generic personal information""}, ""Choice Type"": {""endIndexInSegment"": -1, ""startIndexInSegment"": -1, ""value"": ""not-selected""}, ""Identifiability"": {""endIndexInSegment"": -1, ""startIndexInSegment"": -1, ""value"": ""not-selected""}, ""Does/Does Not"": {""endIndexInSegment"": 412, ""startIndexInSegment"": 403, ""selectedText"": ""We do not"", ""value"": ""Does Not""}, ""User Type"": {""endIndexInSegment"": -1, ""startIndexInSegment"": -1, ""value"": ""not-selected""}, ""Action Third Party"": {""endIndexInSegment"": 447, ""startIndexInSegment"": 413, ""selectedText"": ""sell or trade customer information"", ""value"": ""Receive/Shared with""}}",448,459
28,8080,3704,0,Third Party Sharing/Collection,1,for use on their mailing lists.,"{""Third Party Entity"": {""endIndexInSegment"": 459, ""startIndexInSegment"": 448, ""selectedText"": ""with others"", ""value"": ""Unnamed third party""}, ""Choice Scope"": {""endIndexInSegment"": -1, ""startIndexInSegment"": -1, ""value"": ""not-selected""}, ""Purpose"": {""endIndexInSegment"": 491, ""startIndexInSegment"": 460, ""selectedText"": ""for use on their mailing lists."", ""value"": ""Advertising""}, ""Personal Information Type"": {""endIndexInSegment"": 447, ""startIndexInSegment"": 427, ""selectedText"": ""customer information"", ""value"": ""Generic personal information""}, ""Choice Type"": {""endIndexInSegment"": -1, ""startIndexInSegment"": -1, ""value"": ""not-selected""}, ""Identifiability"": {""endIndexInSegment"": -1, ""startIndexInSegment"": -1, ""value"": ""not-selected""}, ""Does/Does Not"": {""endIndexInSegment"": 412, ""startIndexInSegment"": 403, ""selectedText"": ""We do not"", ""value"": ""Does Not""}, ""User Type"": {""endIndexInSegment"": -1, ""startIndexInSegment"": -1, ""value"": ""not-selected""}, ""Action Third Party"": {""endIndexInSegment"": 447, ""startIndexInSegment"": 413, ""selectedText"": ""sell or trade customer information"", ""value"": ""Receive/Shared with""}}",460,491
29,8080,3704,0,Third Party Sharing/Collection,1,customer information,"{""Third Party Entity"": {""endIndexInSegment"": 459, ""startIndexInSegment"": 448, ""selectedText"": ""with others"", ""value"": ""Unnamed third party""}, ""Choice Scope"": {""endIndexInSegment"": -1, ""startIndexInSegment"": -1, ""value"": ""not-selected""}, ""Purpose"": {""endIndexInSegment"": 491, ""startIndexInSegment"": 460, ""selectedText"": ""for use on their mailing lists."", ""value"": ""Advertising""}, ""Personal Information Type"": {""endIndexInSegment"": 447, ""startIndexInSegment"": 427, ""selectedText"": ""customer information"", ""value"": ""Generic personal information""}, ""Choice Type"": {""endIndexInSegment"": -1, ""startIndexInSegment"": -1, ""value"": ""not-selected""}, ""Identifiability"": {""endIndexInSegment"": -1, ""startIndexInSegment"": -1, ""value"": ""not-selected""}, ""Does/Does Not"": {""endIndexInSegment"": 412, ""startIndexInSegment"": 403, ""selectedText"": ""We do not"", ""value"": ""Does Not""}, ""User Type"": {""endIndexInSegment"": -1, ""startIndexInSegment"": -1, ""value"": ""not-selected""}, ""Action Third Party"": {""endIndexInSegment"": 447, ""startIndexInSegment"": 413, ""selectedText"": ""sell or trade customer information"", ""value"": ""Receive/Shared with""}}",427,447
30,8080,3704,0,Third Party Sharing/Collection,1,sell or trade customer information,"{""Third Party Entity"": {""endIndexInSegment"": 459, ""startIndexInSegment"": 448, ""selectedText"": ""with others"", ""value"": ""Unnamed third party""}, ""Choice Scope"": {""endIndexInSegment"": -1, ""startIndexInSegment"": -1, ""value"": ""not-selected""}, ""Purpose"": {""endIndexInSegment"": 491, ""startIndexInSegment"": 460, ""selectedText"": ""for use on their mailing lists."", ""value"": ""Advertising""}, ""Personal Information Type"": {""endIndexInSegment"": 447, ""startIndexInSegment"": 427, ""selectedText"": ""customer information"", ""value"": ""Generic personal information""}, ""Choice Type"": {""endIndexInSegment"": -1, ""startIndexInSegment"": -1, ""value"": ""not-selected""}, ""Identifiability"": {""endIndexInSegment"": -1, ""startIndexInSegment"": -1, ""value"": ""not-selected""}, ""Does/Does Not"": {""endIndexInSegment"": 412, ""startIndexInSegment"": 403, ""selectedText"": ""We do not"", ""value"": ""Does Not""}, ""User Type"": {""endIndexInSegment"": -1, ""startIndexInSegment"": -1, ""value"": ""not-selected""}, ""Action Third Party"": {""endIndexInSegment"": 447, ""startIndexInSegment"": 413, ""selectedText"": ""sell or trade customer information"", ""value"": ""Receive/Shared with""}}",413,447
31,8080,3704,0,Third Party Sharing/Collection,1,We do not,"{""Third Party Entity"": {""endIndexInSegment"": 459, ""startIndexInSegment"": 448, ""selectedText"": ""with others"", ""value"": ""Unnamed third party""}, ""Choice Scope"": {""endIndexInSegment"": -1, ""startIndexInSegment"": -1, ""value"": ""not-selected""}, ""Purpose"": {""endIndexInSegment"": 491, ""startIndexInSegment"": 460, ""selectedText"": ""for use on their mailing lists."", ""value"": ""Advertising""}, ""Personal Information Type"": {""endIndexInSegment"": 447, ""startIndexInSegment"": 427, ""selectedText"": ""customer information"", ""value"": ""Generic personal information""}, ""Choice Type"": {""endIndexInSegment"": -1, ""startIndexInSegment"": -1, ""value"": ""not-selected""}, ""Identifiability"": {""endIndexInSegment"": -1, ""startIndexInSegment"": -1, ""value"": ""not-selected""}, ""Does/Does Not"": {""endIndexInSegment"": 412, ""startIndexInSegment"": 403, ""selectedText"": ""We do not"", ""value"": ""Does Not""}, ""User Type"": {""endIndexInSegment"": -1, ""startIndexInSegment"": -1, ""value"": ""not-selected""}, ""Action Third Party"": {""endIndexInSegment"": 447, ""startIndexInSegment"": 413, ""selectedText"": ""sell or trade customer information"", ""value"": ""Receive/Shared with""}}",403,412
32,C1052,3704,1,Data Security,5,"When you place an order on our site, it is placed through a secure server. This server encrypts all information you input before it is sent. Once your personal information is received, we protect it against unauthorized use.","{""Security Measure"": {""endIndexInSegment"": 276, ""startIndexInSegment"": 52, ""selectedText"": ""When you place an order on our site, it is placed through a secure server. This server encrypts all information you input before it is sent. Once your personal information is received, we protect it against unauthorized use."", ""value"": ""Generic""}}",52,276
33,7588,3704,1,Data Security,5,This server encrypts all information you input before it is sent.,"{""Security Measure"": {""endIndexInSegment"": 192, ""startIndexInSegment"": 127, ""selectedText"": ""This server encrypts all information you input before it is sent."", ""value"": ""Secure data transfer""}}",127,192
34,8081,3704,1,Data Security,5,"THE PROTECTION OF YOUR PERSONAL ACCOUNT INFORMATION When you place an order on our site, it is placed through a secure server. This server encrypts all information you input before it is sent. Once your personal information is received, we protect it against unauthorized use.","{""Security Measure"": {""endIndexInSegment"": 276, ""startIndexInSegment"": 0, ""selectedText"": ""THE PROTECTION OF YOUR PERSONAL ACCOUNT INFORMATION When you place an order on our site, it is placed through a secure server. This server encrypts all information you input before it is sent. Once your personal information is received, we protect it against unauthorized use."", ""value"": ""Secure data transfer""}}",0,276
35,7591,3704,2,Introductory/Generic,9,THE USE OF COOKIES Cookies are alphanumeric identifiers which collect anonymous browsing data that enables us to recognize your browser and provide convenience features such as the storing of items in your Shopping Cart and the personalization of content based on your preferences.,"{""Other Type"": {""endIndexInSegment"": 281, ""startIndexInSegment"": 0, ""selectedText"": ""THE USE OF COOKIES Cookies are alphanumeric identifiers which collect anonymous browsing data that enables us to recognize your browser and provide convenience features such as the storing of items in your Shopping Cart and the personalization of content based on your preferences."", ""value"": ""Introductory/Generic""}}",0,281
36,7592,3704,2,User Choice/Control,2,"You can learn how to de-activate cookies using the Help feature of your browser,","{""Choice Type"": {""endIndexInSegment"": 362, ""startIndexInSegment"": 282, ""selectedText"": ""You can learn how to de-activate cookies using the Help feature of your browser,"", ""value"": ""Browser/device privacy controls""}, ""Choice Scope"": {""endIndexInSegment"": 168, ""startIndexInSegment"": 62, ""selectedText"": ""collect anonymous browsing data that enables us to recognize your browser and provide convenience features"", ""value"": ""First party collection""}, ""User Type"": {""endIndexInSegment"": -1, ""startIndexInSegment"": -1, ""value"": ""Unspecified""}, ""Purpose"": {""endIndexInSegment"": 219, ""startIndexInSegment"": 181, ""selectedText"": ""storing of items in your Shopping Cart"", ""value"": ""Additional service/feature""}, ""Personal Information Type"": {""endIndexInSegment"": 93, ""startIndexInSegment"": 70, ""selectedText"": ""anonymous browsing data"", ""value"": ""User online activities""}}",282,362
37,7592,3704,2,User Choice/Control,2,collect anonymous browsing data that enables us to recognize your browser and provide convenience features,"{""Choice Type"": {""endIndexInSegment"": 362, ""startIndexInSegment"": 282, ""selectedText"": ""You can learn how to de-activate cookies using the Help feature of your browser,"", ""value"": ""Browser/device privacy controls""}, ""Choice Scope"": {""endIndexInSegment"": 168, ""startIndexInSegment"": 62, ""selectedText"": ""collect anonymous browsing data that enables us to recognize your browser and provide convenience features"", ""value"": ""First party collection""}, ""User Type"": {""endIndexInSegment"": -1, ""startIndexInSegment"": -1, ""value"": ""Unspecified""}, ""Purpose"": {""endIndexInSegment"": 219, ""startIndexInSegment"": 181, ""selectedText"": ""storing of items in your Shopping Cart"", ""value"": ""Additional service/feature""}, ""Personal Information Type"": {""endIndexInSegment"": 93, ""startIndexInSegment"": 70, ""selectedText"": ""anonymous browsing data"", ""value"": ""User online activities""}}",62,168
38,7592,3704,2,User Choice/Control,2,storing of items in your Shopping Cart,"{""Choice Type"": {""endIndexInSegment"": 362, ""startIndexInSegment"": 282, ""selectedText"": ""You can learn how to de-activate cookies using the Help feature of your browser,"", ""value"": ""Browser/device privacy controls""}, ""Choice Scope"": {""endIndexInSegment"": 168, ""startIndexInSegment"": 62, ""selectedText"": ""collect anonymous browsing data that enables us to recognize your browser and provide convenience features"", ""value"": ""First party collection""}, ""User Type"": {""endIndexInSegment"": -1, ""startIndexInSegment"": -1, ""value"": ""Unspecified""}, ""Purpose"": {""endIndexInSegment"": 219, ""startIndexInSegment"": 181, ""selectedText"": ""storing of items in your Shopping Cart"", ""value"": ""Additional service/feature""}, ""Personal Information Type"": {""endIndexInSegment"": 93, ""startIndexInSegment"": 70, ""selectedText"": ""anonymous browsing data"", ""value"": ""User online activities""}}",181,219
39,7592,3704,2,User Choice/Control,2,anonymous browsing data,"{""Choice Type"": {""endIndexInSegment"": 362, ""startIndexInSegment"": 282, ""selectedText"": ""You can learn how to de-activate cookies using the Help feature of your browser,"", ""value"": ""Browser/device privacy controls""}, ""Choice Scope"": {""endIndexInSegment"": 168, ""startIndexInSegment"": 62, ""selectedText"": ""collect anonymous browsing data that enables us to recognize your browser and provide convenience features"", ""value"": ""First party collection""}, ""User Type"": {""endIndexInSegment"": -1, ""startIndexInSegment"": -1, ""value"": ""Unspecified""}, ""Purpose"": {""endIndexInSegment"": 219, ""startIndexInSegment"": 181, ""selectedText"": ""storing of items in your Shopping Cart"", ""value"": ""Additional service/feature""}, ""Personal Information Type"": {""endIndexInSegment"": 93, ""startIndexInSegment"": 70, ""selectedText"": ""anonymous browsing data"", ""value"": ""User online activities""}}",70,93
40,7593,3704,2,User Choice/Control,2,"You can learn how to de-activate cookies using the Help feature of your browser,","{""Choice Type"": {""endIndexInSegment"": 362, ""startIndexInSegment"": 282, ""selectedText"": ""You can learn how to de-activate cookies using the Help feature of your browser,"", ""value"": ""Browser/device privacy controls""}, ""Choice Scope"": {""endIndexInSegment"": 168, ""startIndexInSegment"": 62, ""selectedText"": ""collect anonymous browsing data that enables us to recognize your browser and provide convenience features"", ""value"": ""First party collection""}, ""User Type"": {""endIndexInSegment"": -1, ""startIndexInSegment"": -1, ""value"": ""Unspecified""}, ""Purpose"": {""endIndexInSegment"": 280, ""startIndexInSegment"": 228, ""selectedText"": ""personalization of content based on your preferences"", ""value"": ""Personalization/Customization""}, ""Personal Information Type"": {""endIndexInSegment"": 93, ""startIndexInSegment"": 70, ""selectedText"": ""anonymous browsing data"", ""value"": ""User online activities""}}",282,362
41,7593,3704,2,User Choice/Control,2,collect anonymous browsing data that enables us to recognize your browser and provide convenience features,"{""Choice Type"": {""endIndexInSegment"": 362, ""startIndexInSegment"": 282, ""selectedText"": ""You can learn how to de-activate cookies using the Help feature of your browser,"", ""value"": ""Browser/device privacy controls""}, ""Choice Scope"": {""endIndexInSegment"": 168, ""startIndexInSegment"": 62, ""selectedText"": ""collect anonymous browsing data that enables us to recognize your browser and provide convenience features"", ""value"": ""First party collection""}, ""User Type"": {""endIndexInSegment"": -1, ""startIndexInSegment"": -1, ""value"": ""Unspecified""}, ""Purpose"": {""endIndexInSegment"": 280, ""startIndexInSegment"": 228, ""selectedText"": ""personalization of content based on your preferences"", ""value"": ""Personalization/Customization""}, ""Personal Information Type"": {""endIndexInSegment"": 93, ""startIndexInSegment"": 70, ""selectedText"": ""anonymous browsing data"", ""value"": ""User online activities""}}",62,168
42,7593,3704,2,User Choice/Control,2,personalization of content based on your preferences,"{""Choice Type"": {""endIndexInSegment"": 362, ""startIndexInSegment"": 282, ""selectedText"": ""You can learn how to de-activate cookies using the Help feature of your browser,"", ""value"": ""Browser/device privacy controls""}, ""Choice Scope"": {""endIndexInSegment"": 168, ""startIndexInSegment"": 62, ""selectedText"": ""collect anonymous browsing data that enables us to recognize your browser and provide convenience features"", ""value"": ""First party collection""}, ""User Type"": {""endIndexInSegment"": -1, ""startIndexInSegment"": -1, ""value"": ""Unspecified""}, ""Purpose"": {""endIndexInSegment"": 280, ""startIndexInSegment"": 228, ""selectedText"": ""personalization of content based on your preferences"", ""value"": ""Personalization/Customization""}, ""Personal Information Type"": {""endIndexInSegment"": 93, ""startIndexInSegment"": 70, ""selectedText"": ""anonymous browsing data"", ""value"": ""User online activities""}}",228,280
43,7593,3704,2,User Choice/Control,2,anonymous browsing data,"{""Choice Type"": {""endIndexInSegment"": 362, ""startIndexInSegment"": 282, ""selectedText"": ""You can learn how to de-activate cookies using the Help feature of your browser,"", ""value"": ""Browser/device privacy controls""}, ""Choice Scope"": {""endIndexInSegment"": 168, ""startIndexInSegment"": 62, ""selectedText"": ""collect anonymous browsing data that enables us to recognize your browser and provide convenience features"", ""value"": ""First party collection""}, ""User Type"": {""endIndexInSegment"": -1, ""startIndexInSegment"": -1, ""value"": ""Unspecified""}, ""Purpose"": {""endIndexInSegment"": 280, ""startIndexInSegment"": 228, ""selectedText"": ""personalization of content based on your preferences"", ""value"": ""Personalization/Customization""}, ""Personal Information Type"": {""endIndexInSegment"": 93, ""startIndexInSegment"": 70, ""selectedText"": ""anonymous browsing data"", ""value"": ""User online activities""}}",70,93
44,8083,3704,2,First Party Collection/Use,0,THE USE OF COOKIES Cookies are alphanumeric identifiers which collect anonymous browsing data that enables us to recognize your browser and provide convenience features such as the storing of items in your Shopping Cart and the personalization of content based on your preferences.,"{""Collection Mode"": {""endIndexInSegment"": -1, ""startIndexInSegment"": -1, ""value"": ""not-selected""}, ""Choice Scope"": {""endIndexInSegment"": -1, ""startIndexInSegment"": -1, ""value"": ""not-selected""}, ""Action First-Party"": {""endIndexInSegment"": 281, ""startIndexInSegment"": 0, ""selectedText"": ""THE USE OF COOKIES Cookies are alphanumeric identifiers which collect anonymous browsing data that enables us to recognize your browser and provide convenience features such as the storing of items in your Shopping Cart and the personalization of content based on your preferences."", ""value"": ""Unspecified""}, ""Personal Information Type"": {""endIndexInSegment"": 473, ""startIndexInSegment"": 0, ""selectedText"": ""THE USE OF COOKIES Cookies are alphanumeric identifiers which collect anonymous browsing data that enables us to recognize your browser and provide convenience features such as the storing of items in your Shopping Cart and the personalization of content based on your preferences. You can learn how to de-activate cookies using the Help feature of your browser, but we recommend that you leave them turned on in order to enjoy all the value-added features of this website."", ""value"": ""Cookies and tracking elements""}, ""Choice Type"": {""endIndexInSegment"": 362, ""startIndexInSegment"": 282, ""selectedText"": ""You can learn how to de-activate cookies using the Help feature of your browser,"", ""value"": ""Browser/device privacy controls""}, ""Identifiability"": {""endIndexInSegment"": -1, ""startIndexInSegment"": -1, ""value"": ""not-selected""}, ""Does/Does Not"": {""endIndexInSegment"": -1, ""startIndexInSegment"": -1, ""value"": ""Does""}, ""User Type"": {""endIndexInSegment"": -1, ""startIndexInSegment"": -1, ""value"": ""not-selected""}, ""Purpose"": {""endIndexInSegment"": 281, ""startIndexInSegment"": 140, ""selectedText"": ""provide convenience features such as the storing of items in your Shopping Cart and the personalization of content based on your preferences."", ""value"": ""Basic service/feature""}}",0,281
45,8083,3704,2,First Party Collection/Use,0,"THE USE OF COOKIES Cookies are alphanumeric identifiers which collect anonymous browsing data that enables us to recognize your browser and provide convenience features such as the storing of items in your Shopping Cart and the personalization of content based on your preferences. You can learn how to de-activate cookies using the Help feature of your browser, but we recommend that you leave them turned on in order to enjoy all the value-added features of this website.","{""Collection Mode"": {""endIndexInSegment"": -1, ""startIndexInSegment"": -1, ""value"": ""not-selected""}, ""Choice Scope"": {""endIndexInSegment"": -1, ""startIndexInSegment"": -1, ""value"": ""not-selected""}, ""Action First-Party"": {""endIndexInSegment"": 281, ""startIndexInSegment"": 0, ""selectedText"": ""THE USE OF COOKIES Cookies are alphanumeric identifiers which collect anonymous browsing data that enables us to recognize your browser and provide convenience features such as the storing of items in your Shopping Cart and the personalization of content based on your preferences."", ""value"": ""Unspecified""}, ""Personal Information Type"": {""endIndexInSegment"": 473, ""startIndexInSegment"": 0, ""selectedText"": ""THE USE OF COOKIES Cookies are alphanumeric identifiers which collect anonymous browsing data that enables us to recognize your browser and provide convenience features such as the storing of items in your Shopping Cart and the personalization of content based on your preferences. You can learn how to de-activate cookies using the Help feature of your browser, but we recommend that you leave them turned on in order to enjoy all the value-added features of this website."", ""value"": ""Cookies and tracking elements""}, ""Choice Type"": {""endIndexInSegment"": 362, ""startIndexInSegment"": 282, ""selectedText"": ""You can learn how to de-activate cookies using the Help feature of your browser,"", ""value"": ""Browser/device privacy controls""}, ""Identifiability"": {""endIndexInSegment"": -1, ""startIndexInSegment"": -1, ""value"": ""not-selected""}, ""Does/Does Not"": {""endIndexInSegment"": -1, ""startIndexInSegment"": -1, ""value"": ""Does""}, ""User Type"": {""endIndexInSegment"": -1, ""startIndexInSegment"": -1, ""value"": ""not-selected""}, ""Purpose"": {""endIndexInSegment"": 281, ""startIndexInSegment"": 140, ""selectedText"": ""provide convenience features such as the storing of items in your Shopping Cart and the personalization of content based on your preferences."", ""value"": ""Basic service/feature""}}",0,473
46,8083,3704,2,First Party Collection/Use,0,"You can learn how to de-activate cookies using the Help feature of your browser,","{""Collection Mode"": {""endIndexInSegment"": -1, ""startIndexInSegment"": -1, ""value"": ""not-selected""}, ""Choice Scope"": {""endIndexInSegment"": -1, ""startIndexInSegment"": -1, ""value"": ""not-selected""}, ""Action First-Party"": {""endIndexInSegment"": 281, ""startIndexInSegment"": 0, ""selectedText"": ""THE USE OF COOKIES Cookies are alphanumeric identifiers which collect anonymous browsing data that enables us to recognize your browser and provide convenience features such as the storing of items in your Shopping Cart and the personalization of content based on your preferences."", ""value"": ""Unspecified""}, ""Personal Information Type"": {""endIndexInSegment"": 473, ""startIndexInSegment"": 0, ""selectedText"": ""THE USE OF COOKIES Cookies are alphanumeric identifiers which collect anonymous browsing data that enables us to recognize your browser and provide convenience features such as the storing of items in your Shopping Cart and the personalization of content based on your preferences. You can learn how to de-activate cookies using the Help feature of your browser, but we recommend that you leave them turned on in order to enjoy all the value-added features of this website."", ""value"": ""Cookies and tracking elements""}, ""Choice Type"": {""endIndexInSegment"": 362, ""startIndexInSegment"": 282, ""selectedText"": ""You can learn how to de-activate cookies using the Help feature of your browser,"", ""value"": ""Browser/device privacy controls""}, ""Identifiability"": {""endIndexInSegment"": -1, ""startIndexInSegment"": -1, ""value"": ""not-selected""}, ""Does/Does Not"": {""endIndexInSegment"": -1, ""startIndexInSegment"": -1, ""value"": ""Does""}, ""User Type"": {""endIndexInSegment"": -1, ""startIndexInSegment"": -1, ""value"": ""not-selected""}, ""Purpose"": {""endIndexInSegment"": 281, ""startIndexInSegment"": 140, ""selectedText"": ""provide convenience features such as the storing of items in your Shopping Cart and the personalization of content based on your preferences."", ""value"": ""Basic service/feature""}}",282,362
47,8083,3704,2,First Party Collection/Use,0,provide convenience features such as the storing of items in your Shopping Cart and the personalization of content based on your preferences.,"{""Collection Mode"": {""endIndexInSegment"": -1, ""startIndexInSegment"": -1, ""value"": ""not-selected""}, ""Choice Scope"": {""endIndexInSegment"": -1, ""startIndexInSegment"": -1, ""value"": ""not-selected""}, ""Action First-Party"": {""endIndexInSegment"": 281, ""startIndexInSegment"": 0, ""selectedText"": ""THE USE OF COOKIES Cookies are alphanumeric identifiers which collect anonymous browsing data that enables us to recognize your browser and provide convenience features such as the storing of items in your Shopping Cart and the personalization of content based on your preferences."", ""value"": ""Unspecified""}, ""Personal Information Type"": {""endIndexInSegment"": 473, ""startIndexInSegment"": 0, ""selectedText"": ""THE USE OF COOKIES Cookies are alphanumeric identifiers which collect anonymous browsing data that enables us to recognize your browser and provide convenience features such as the storing of items in your Shopping Cart and the personalization of content based on your preferences. You can learn how to de-activate cookies using the Help feature of your browser, but we recommend that you leave them turned on in order to enjoy all the value-added features of this website."", ""value"": ""Cookies and tracking elements""}, ""Choice Type"": {""endIndexInSegment"": 362, ""startIndexInSegment"": 282, ""selectedText"": ""You can learn how to de-activate cookies using the Help feature of your browser,"", ""value"": ""Browser/device privacy controls""}, ""Identifiability"": {""endIndexInSegment"": -1, ""startIndexInSegment"": -1, ""value"": ""not-selected""}, ""Does/Does Not"": {""endIndexInSegment"": -1, ""startIndexInSegment"": -1, ""value"": ""Does""}, ""User Type"": {""endIndexInSegment"": -1, ""startIndexInSegment"": -1, ""value"": ""not-selected""}, ""Purpose"": {""endIndexInSegment"": 281, ""startIndexInSegment"": 140, ""selectedText"": ""provide convenience features such as the storing of items in your Shopping Cart and the personalization of content based on your preferences."", ""value"": ""Basic service/feature""}}",140,281
48,22189,3704,2,First Party Collection/Use,0,collect,"{""Collection Mode"": {""endIndexInSegment"": -1, ""startIndexInSegment"": -1, ""value"": ""Unspecified""}, ""Choice Scope"": {""endIndexInSegment"": 69, ""startIndexInSegment"": 62, ""selectedText"": ""collect"", ""value"": ""Collection""}, ""Action First-Party"": {""endIndexInSegment"": 473, ""startIndexInSegment"": 460, ""selectedText"": ""this website."", ""value"": ""Collect on website""}, ""Personal Information Type"": {""endIndexInSegment"": 26, ""startIndexInSegment"": 19, ""selectedText"": ""Cookies"", ""value"": ""Cookies and tracking elements""}, ""Choice Type"": {""endIndexInSegment"": 361, ""startIndexInSegment"": 282, ""selectedText"": ""You can learn how to de-activate cookies using the Help feature of your browser"", ""value"": ""Browser/device privacy controls""}, ""Identifiability"": {""endIndexInSegment"": 93, ""startIndexInSegment"": 70, ""selectedText"": ""anonymous browsing data"", ""value"": ""Aggregated or anonymized""}, ""Does/Does Not"": {""endIndexInSegment"": 112, ""startIndexInSegment"": 94, ""selectedText"": ""that enables us to"", ""value"": ""Does""}, ""User Type"": {""endIndexInSegment"": -1, ""startIndexInSegment"": -1, ""value"": ""Unspecified""}, ""Purpose"": {""endIndexInSegment"": 281, ""startIndexInSegment"": 110, ""selectedText"": ""to recognize your browser and provide convenience features such as the storing of items in your Shopping Cart and the personalization of content based on your preferences."", ""value"": ""Personalization/Customization""}}",62,69
49,22189,3704,2,First Party Collection/Use,0,this website.,"{""Collection Mode"": {""endIndexInSegment"": -1, ""startIndexInSegment"": -1, ""value"": ""Unspecified""}, ""Choice Scope"": {""endIndexInSegment"": 69, ""startIndexInSegment"": 62, ""selectedText"": ""collect"", ""value"": ""Collection""}, ""Action First-Party"": {""endIndexInSegment"": 473, ""startIndexInSegment"": 460, ""selectedText"": ""this website."", ""value"": ""Collect on website""}, ""Personal Information Type"": {""endIndexInSegment"": 26, ""startIndexInSegment"": 19, ""selectedText"": ""Cookies"", ""value"": ""Cookies and tracking elements""}, ""Choice Type"": {""endIndexInSegment"": 361, ""startIndexInSegment"": 282, ""selectedText"": ""You can learn how to de-activate cookies using the Help feature of your browser"", ""value"": ""Browser/device privacy controls""}, ""Identifiability"": {""endIndexInSegment"": 93, ""startIndexInSegment"": 70, ""selectedText"": ""anonymous browsing data"", ""value"": ""Aggregated or anonymized""}, ""Does/Does Not"": {""endIndexInSegment"": 112, ""startIndexInSegment"": 94, ""selectedText"": ""that enables us to"", ""value"": ""Does""}, ""User Type"": {""endIndexInSegment"": -1, ""startIndexInSegment"": -1, ""value"": ""Unspecified""}, ""Purpose"": {""endIndexInSegment"": 281, ""startIndexInSegment"": 110, ""selectedText"": ""to recognize your browser and provide convenience features such as the storing of items in your Shopping Cart and the personalization of content based on your preferences."", ""value"": ""Personalization/Customization""}}",460,473
50,22189,3704,2,First Party Collection/Use,0,Cookies,"{""Collection Mode"": {""endIndexInSegment"": -1, ""startIndexInSegment"": -1, ""value"": ""Unspecified""}, ""Choice Scope"": {""endIndexInSegment"": 69, ""startIndexInSegment"": 62, ""selectedText"": ""collect"", ""value"": ""Collection""}, ""Action First-Party"": {""endIndexInSegment"": 473, ""startIndexInSegment"": 460, ""selectedText"": ""this website."", ""value"": ""Collect on website""}, ""Personal Information Type"": {""endIndexInSegment"": 26, ""startIndexInSegment"": 19, ""selectedText"": ""Cookies"", ""value"": ""Cookies and tracking elements""}, ""Choice Type"": {""endIndexInSegment"": 361, ""startIndexInSegment"": 282, ""selectedText"": ""You can learn how to de-activate cookies using the Help feature of your browser"", ""value"": ""Browser/device privacy controls""}, ""Identifiability"": {""endIndexInSegment"": 93, ""startIndexInSegment"": 70, ""selectedText"": ""anonymous browsing data"", ""value"": ""Aggregated or anonymized""}, ""Does/Does Not"": {""endIndexInSegment"": 112, ""startIndexInSegment"": 94, ""selectedText"": ""that enables us to"", ""value"": ""Does""}, ""User Type"": {""endIndexInSegment"": -1, ""startIndexInSegment"": -1, ""value"": ""Unspecified""}, ""Purpose"": {""endIndexInSegment"": 281, ""startIndexInSegment"": 110, ""selectedText"": ""to recognize your browser and provide convenience features such as the storing of items in your Shopping Cart and the personalization of content based on your preferences."", ""value"": ""Personalization/Customization""}}",19,26
51,22189,3704,2,First Party Collection/Use,0,You can learn how to de-activate cookies using the Help feature of your browser,"{""Collection Mode"": {""endIndexInSegment"": -1, ""startIndexInSegment"": -1, ""value"": ""Unspecified""}, ""Choice Scope"": {""endIndexInSegment"": 69, ""startIndexInSegment"": 62, ""selectedText"": ""collect"", ""value"": ""Collection""}, ""Action First-Party"": {""endIndexInSegment"": 473, ""startIndexInSegment"": 460, ""selectedText"": ""this website."", ""value"": ""Collect on website""}, ""Personal Information Type"": {""endIndexInSegment"": 26, ""startIndexInSegment"": 19, ""selectedText"": ""Cookies"", ""value"": ""Cookies and tracking elements""}, ""Choice Type"": {""endIndexInSegment"": 361, ""startIndexInSegment"": 282, ""selectedText"": ""You can learn how to de-activate cookies using the Help feature of your browser"", ""value"": ""Browser/device privacy controls""}, ""Identifiability"": {""endIndexInSegment"": 93, ""startIndexInSegment"": 70, ""selectedText"": ""anonymous browsing data"", ""value"": ""Aggregated or anonymized""}, ""Does/Does Not"": {""endIndexInSegment"": 112, ""startIndexInSegment"": 94, ""selectedText"": ""that enables us to"", ""value"": ""Does""}, ""User Type"": {""endIndexInSegment"": -1, ""startIndexInSegment"": -1, ""value"": ""Unspecified""}, ""Purpose"": {""endIndexInSegment"": 281, ""startIndexInSegment"": 110, ""selectedText"": ""to recognize your browser and provide convenience features such as the storing of items in your Shopping Cart and the personalization of content based on your preferences."", ""value"": ""Personalization/Customization""}}",282,361
52,22189,3704,2,First Party Collection/Use,0,anonymous browsing data,"{""Collection Mode"": {""endIndexInSegment"": -1, ""startIndexInSegment"": -1, ""value"": ""Unspecified""}, ""Choice Scope"": {""endIndexInSegment"": 69, ""startIndexInSegment"": 62, ""selectedText"": ""collect"", ""value"": ""Collection""}, ""Action First-Party"": {""endIndexInSegment"": 473, ""startIndexInSegment"": 460, ""selectedText"": ""this website."", ""value"": ""Collect on website""}, ""Personal Information Type"": {""endIndexInSegment"": 26, ""startIndexInSegment"": 19, ""selectedText"": ""Cookies"", ""value"": ""Cookies and tracking elements""}, ""Choice Type"": {""endIndexInSegment"": 361, ""startIndexInSegment"": 282, ""selectedText"": ""You can learn how to de-activate cookies using the Help feature of your browser"", ""value"": ""Browser/device privacy controls""}, ""Identifiability"": {""endIndexInSegment"": 93, ""startIndexInSegment"": 70, ""selectedText"": ""anonymous browsing data"", ""value"": ""Aggregated or anonymized""}, ""Does/Does Not"": {""endIndexInSegment"": 112, ""startIndexInSegment"": 94, ""selectedText"": ""that enables us to"", ""value"": ""Does""}, ""User Type"": {""endIndexInSegment"": -1, ""startIndexInSegment"": -1, ""value"": ""Unspecified""}, ""Purpose"": {""endIndexInSegment"": 281, ""startIndexInSegment"": 110, ""selectedText"": ""to recognize your browser and provide convenience features such as the storing of items in your Shopping Cart and the personalization of content based on your preferences."", ""value"": ""Personalization/Customization""}}",70,93
53,22189,3704,2,First Party Collection/Use,0,that enables us to,"{""Collection Mode"": {""endIndexInSegment"": -1, ""startIndexInSegment"": -1, ""value"": ""Unspecified""}, ""Choice Scope"": {""endIndexInSegment"": 69, ""startIndexInSegment"": 62, ""selectedText"": ""collect"", ""value"": ""Collection""}, ""Action First-Party"": {""endIndexInSegment"": 473, ""startIndexInSegment"": 460, ""selectedText"": ""this website."", ""value"": ""Collect on website""}, ""Personal Information Type"": {""endIndexInSegment"": 26, ""startIndexInSegment"": 19, ""selectedText"": ""Cookies"", ""value"": ""Cookies and tracking elements""}, ""Choice Type"": {""endIndexInSegment"": 361, ""startIndexInSegment"": 282, ""selectedText"": ""You can learn how to de-activate cookies using the Help feature of your browser"", ""value"": ""Browser/device privacy controls""}, ""Identifiability"": {""endIndexInSegment"": 93, ""startIndexInSegment"": 70, ""selectedText"": ""anonymous browsing data"", ""value"": ""Aggregated or anonymized""}, ""Does/Does Not"": {""endIndexInSegment"": 112, ""startIndexInSegment"": 94, ""selectedText"": ""that enables us to"", ""value"": ""Does""}, ""User Type"": {""endIndexInSegment"": -1, ""startIndexInSegment"": -1, ""value"": ""Unspecified""}, ""Purpose"": {""endIndexInSegment"": 281, ""startIndexInSegment"": 110, ""selectedText"": ""to recognize your browser and provide convenience features such as the storing of items in your Shopping Cart and the personalization of content based on your preferences."", ""value"": ""Personalization/Customization""}}",94,112
54,22189,3704,2,First Party Collection/Use,0,to recognize your browser and provide convenience features such as the storing of items in your Shopping Cart and the personalization of content based on your preferences.,"{""Collection Mode"": {""endIndexInSegment"": -1, ""startIndexInSegment"": -1, ""value"": ""Unspecified""}, ""Choice Scope"": {""endIndexInSegment"": 69, ""startIndexInSegment"": 62, ""selectedText"": ""collect"", ""value"": ""Collection""}, ""Action First-Party"": {""endIndexInSegment"": 473, ""startIndexInSegment"": 460, ""selectedText"": ""this website."", ""value"": ""Collect on website""}, ""Personal Information Type"": {""endIndexInSegment"": 26, ""startIndexInSegment"": 19, ""selectedText"": ""Cookies"", ""value"": ""Cookies and tracking elements""}, ""Choice Type"": {""endIndexInSegment"": 361, ""startIndexInSegment"": 282, ""selectedText"": ""You can learn how to de-activate cookies using the Help feature of your browser"", ""value"": ""Browser/device privacy controls""}, ""Identifiability"": {""endIndexInSegment"": 93, ""startIndexInSegment"": 70, ""selectedText"": ""anonymous browsing data"", ""value"": ""Aggregated or anonymized""}, ""Does/Does Not"": {""endIndexInSegment"": 112, ""startIndexInSegment"": 94, ""selectedText"": ""that enables us to"", ""value"": ""Does""}, ""User Type"": {""endIndexInSegment"": -1, ""startIndexInSegment"": -1, ""value"": ""Unspecified""}, ""Purpose"": {""endIndexInSegment"": 281, ""startIndexInSegment"": 110, ""selectedText"": ""to recognize your browser and provide convenience features such as the storing of items in your Shopping Cart and the personalization of content based on your preferences."", ""value"": ""Personalization/Customization""}}",110,281
