,annotation_id,policy_id,segment_id,data_practice,label,selected_text,content_json,start,end
0,C2652,3858,0,Introductory/Generic,9,Privacy Policy,"{""Other Type"": {""endIndexInSegment"": 14, ""startIndexInSegment"": 0, ""selectedText"": ""Privacy Policy"", ""value"": ""Introductory/Generic""}}",0,14
1,C2653,3858,1,First Party Collection/Use,0,collect cookies,"{""Collection Mode"": {""endIndexInSegment"": 478, ""startIndexInSegment"": 463, ""selectedText"": ""collect cookies"", ""value"": ""Implicit""}, ""Choice Scope"": {""endIndexInSegment"": -1, ""startIndexInSegment"": -1, ""value"": ""Unspecified""}, ""Action First-Party"": {""endIndexInSegment"": -1, ""startIndexInSegment"": -1, ""value"": ""Unspecified""}, ""Personal Information Type"": {""endIndexInSegment"": 478, ""startIndexInSegment"": 471, ""selectedText"": ""cookies"", ""value"": ""Cookies and tracking elements""}, ""Choice Type"": {""endIndexInSegment"": -1, ""startIndexInSegment"": -1, ""value"": ""Unspecified""}, ""Identifiability"": {""endIndexInSegment"": -1, ""startIndexInSegment"": -1, ""value"": ""Unspecified""}, ""Does/Does Not"": {""endIndexInSegment"": 462, ""startIndexInSegment"": 454, ""selectedText"": ""does not"", ""value"": ""Does Not""}, ""User Type"": {""endIndexInSegment"": 493, ""startIndexInSegment"": 488, ""selectedText"": ""users"", ""value"": ""Unspecified""}, ""Purpose"": {""endIndexInSegment"": -1, ""startIndexInSegment"": -1, ""value"": ""Unspecified""}}",463,478
2,C2653,3858,1,First Party Collection/Use,0,cookies,"{""Collection Mode"": {""endIndexInSegment"": 478, ""startIndexInSegment"": 463, ""selectedText"": ""collect cookies"", ""value"": ""Implicit""}, ""Choice Scope"": {""endIndexInSegment"": -1, ""startIndexInSegment"": -1, ""value"": ""Unspecified""}, ""Action First-Party"": {""endIndexInSegment"": -1, ""startIndexInSegment"": -1, ""value"": ""Unspecified""}, ""Personal Information Type"": {""endIndexInSegment"": 478, ""startIndexInSegment"": 471, ""selectedText"": ""cookies"", ""value"": ""Cookies and tracking elements""}, ""Choice Type"": {""endIndexInSegment"": -1, ""startIndexInSegment"": -1, ""value"": ""Unspecified""}, ""Identifiability"": {""endIndexInSegment"": -1, ""startIndexInSegment"": -1, ""value"": ""Unspecified""}, ""Does/Does Not"": {""endIndexInSegment"": 462, ""startIndexInSegment"": 454, ""selectedText"": ""does not"", ""value"": ""Does Not""}, ""User Type"": {""endIndexInSegment"": 493, ""startIndexInSegment"": 488, ""selectedText"": ""users"", ""value"": ""Unspecified""}, ""Purpose"": {""endIndexInSegment"": -1, ""startIndexInSegment"": -1, ""value"": ""Unspecified""}}",471,478
3,C2653,3858,1,First Party Collection/Use,0,does not,"{""Collection Mode"": {""endIndexInSegment"": 478, ""startIndexInSegment"": 463, ""selectedText"": ""collect cookies"", ""value"": ""Implicit""}, ""Choice Scope"": {""endIndexInSegment"": -1, ""startIndexInSegment"": -1, ""value"": ""Unspecified""}, ""Action First-Party"": {""endIndexInSegment"": -1, ""startIndexInSegment"": -1, ""value"": ""Unspecified""}, ""Personal Information Type"": {""endIndexInSegment"": 478, ""startIndexInSegment"": 471, ""selectedText"": ""cookies"", ""value"": ""Cookies and tracking elements""}, ""Choice Type"": {""endIndexInSegment"": -1, ""startIndexInSegment"": -1, ""value"": ""Unspecified""}, ""Identifiability"": {""endIndexInSegment"": -1, ""startIndexInSegment"": -1, ""value"": ""Unspecified""}, ""Does/Does Not"": {""endIndexInSegment"": 462, ""startIndexInSegment"": 454, ""selectedText"": ""does not"", ""value"": ""Does Not""}, ""User Type"": {""endIndexInSegment"": 493, ""startIndexInSegment"": 488, ""selectedText"": ""users"", ""value"": ""Unspecified""}, ""Purpose"": {""endIndexInSegment"": -1, ""startIndexInSegment"": -1, ""value"": ""Unspecified""}}",454,462
4,C2653,3858,1,First Party Collection/Use,0,users,"{""Collection Mode"": {""endIndexInSegment"": 478, ""startIndexInSegment"": 463, ""selectedText"": ""collect cookies"", ""value"": ""Implicit""}, ""Choice Scope"": {""endIndexInSegment"": -1, ""startIndexInSegment"": -1, ""value"": ""Unspecified""}, ""Action First-Party"": {""endIndexInSegment"": -1, ""startIndexInSegment"": -1, ""value"": ""Unspecified""}, ""Personal Information Type"": {""endIndexInSegment"": 478, ""startIndexInSegment"": 471, ""selectedText"": ""cookies"", ""value"": ""Cookies and tracking elements""}, ""Choice Type"": {""endIndexInSegment"": -1, ""startIndexInSegment"": -1, ""value"": ""Unspecified""}, ""Identifiability"": {""endIndexInSegment"": -1, ""startIndexInSegment"": -1, ""value"": ""Unspecified""}, ""Does/Does Not"": {""endIndexInSegment"": 462, ""startIndexInSegment"": 454, ""selectedText"": ""does not"", ""value"": ""Does Not""}, ""User Type"": {""endIndexInSegment"": 493, ""startIndexInSegment"": 488, ""selectedText"": ""users"", ""value"": ""Unspecified""}, ""Purpose"": {""endIndexInSegment"": -1, ""startIndexInSegment"": -1, ""value"": ""Unspecified""}}",488,493
5,C2654,3858,1,First Party Collection/Use,0,"submitting photos, listing in our classifieds, or taking our survey","{""Collection Mode"": {""endIndexInSegment"": 178, ""startIndexInSegment"": 111, ""selectedText"": ""submitting photos, listing in our classifieds, or taking our survey"", ""value"": ""Explicit""}, ""Choice Scope"": {""endIndexInSegment"": 398, ""startIndexInSegment"": 314, ""selectedText"": ""sell this information or your photos to a third party or place you on a mailing list"", ""value"": ""Use""}, ""Action First-Party"": {""endIndexInSegment"": -1, ""startIndexInSegment"": -1, ""value"": ""Unspecified""}, ""Personal Information Type"": {""endIndexInSegment"": 272, ""startIndexInSegment"": 219, ""selectedText"": ""name, email address, home address and/or phone number"", ""value"": ""Contact""}, ""Choice Type"": {""endIndexInSegment"": 430, ""startIndexInSegment"": 407, ""selectedText"": ""your express permission"", ""value"": ""Opt-in""}, ""Identifiability"": {""endIndexInSegment"": -1, ""startIndexInSegment"": -1, ""value"": ""Unspecified""}, ""Does/Does Not"": {""endIndexInSegment"": 104, ""startIndexInSegment"": 73, ""selectedText"": ""except in limited circumstances"", ""value"": ""Does""}, ""User Type"": {""endIndexInSegment"": -1, ""startIndexInSegment"": -1, ""value"": ""Unspecified""}, ""Purpose"": {""endIndexInSegment"": -1, ""startIndexInSegment"": -1, ""value"": ""Unspecified""}}",111,178
6,C2654,3858,1,First Party Collection/Use,0,sell this information or your photos to a third party or place you on a mailing list,"{""Collection Mode"": {""endIndexInSegment"": 178, ""startIndexInSegment"": 111, ""selectedText"": ""submitting photos, listing in our classifieds, or taking our survey"", ""value"": ""Explicit""}, ""Choice Scope"": {""endIndexInSegment"": 398, ""startIndexInSegment"": 314, ""selectedText"": ""sell this information or your photos to a third party or place you on a mailing list"", ""value"": ""Use""}, ""Action First-Party"": {""endIndexInSegment"": -1, ""startIndexInSegment"": -1, ""value"": ""Unspecified""}, ""Personal Information Type"": {""endIndexInSegment"": 272, ""startIndexInSegment"": 219, ""selectedText"": ""name, email address, home address and/or phone number"", ""value"": ""Contact""}, ""Choice Type"": {""endIndexInSegment"": 430, ""startIndexInSegment"": 407, ""selectedText"": ""your express permission"", ""value"": ""Opt-in""}, ""Identifiability"": {""endIndexInSegment"": -1, ""startIndexInSegment"": -1, ""value"": ""Unspecified""}, ""Does/Does Not"": {""endIndexInSegment"": 104, ""startIndexInSegment"": 73, ""selectedText"": ""except in limited circumstances"", ""value"": ""Does""}, ""User Type"": {""endIndexInSegment"": -1, ""startIndexInSegment"": -1, ""value"": ""Unspecified""}, ""Purpose"": {""endIndexInSegment"": -1, ""startIndexInSegment"": -1, ""value"": ""Unspecified""}}",314,398
7,C2654,3858,1,First Party Collection/Use,0,"name, email address, home address and/or phone number","{""Collection Mode"": {""endIndexInSegment"": 178, ""startIndexInSegment"": 111, ""selectedText"": ""submitting photos, listing in our classifieds, or taking our survey"", ""value"": ""Explicit""}, ""Choice Scope"": {""endIndexInSegment"": 398, ""startIndexInSegment"": 314, ""selectedText"": ""sell this information or your photos to a third party or place you on a mailing list"", ""value"": ""Use""}, ""Action First-Party"": {""endIndexInSegment"": -1, ""startIndexInSegment"": -1, ""value"": ""Unspecified""}, ""Personal Information Type"": {""endIndexInSegment"": 272, ""startIndexInSegment"": 219, ""selectedText"": ""name, email address, home address and/or phone number"", ""value"": ""Contact""}, ""Choice Type"": {""endIndexInSegment"": 430, ""startIndexInSegment"": 407, ""selectedText"": ""your express permission"", ""value"": ""Opt-in""}, ""Identifiability"": {""endIndexInSegment"": -1, ""startIndexInSegment"": -1, ""value"": ""Unspecified""}, ""Does/Does Not"": {""endIndexInSegment"": 104, ""startIndexInSegment"": 73, ""selectedText"": ""except in limited circumstances"", ""value"": ""Does""}, ""User Type"": {""endIndexInSegment"": -1, ""startIndexInSegment"": -1, ""value"": ""Unspecified""}, ""Purpose"": {""endIndexInSegment"": -1, ""startIndexInSegment"": -1, ""value"": ""Unspecified""}}",219,272
8,C2654,3858,1,First Party Collection/Use,0,your express permission,"{""Collection Mode"": {""endIndexInSegment"": 178, ""startIndexInSegment"": 111, ""selectedText"": ""submitting photos, listing in our classifieds, or taking our survey"", ""value"": ""Explicit""}, ""Choice Scope"": {""endIndexInSegment"": 398, ""startIndexInSegment"": 314, ""selectedText"": ""sell this information or your photos to a third party or place you on a mailing list"", ""value"": ""Use""}, ""Action First-Party"": {""endIndexInSegment"": -1, ""startIndexInSegment"": -1, ""value"": ""Unspecified""}, ""Personal Information Type"": {""endIndexInSegment"": 272, ""startIndexInSegment"": 219, ""selectedText"": ""name, email address, home address and/or phone number"", ""value"": ""Contact""}, ""Choice Type"": {""endIndexInSegment"": 430, ""startIndexInSegment"": 407, ""selectedText"": ""your express permission"", ""value"": ""Opt-in""}, ""Identifiability"": {""endIndexInSegment"": -1, ""startIndexInSegment"": -1, ""value"": ""Unspecified""}, ""Does/Does Not"": {""endIndexInSegment"": 104, ""startIndexInSegment"": 73, ""selectedText"": ""except in limited circumstances"", ""value"": ""Does""}, ""User Type"": {""endIndexInSegment"": -1, ""startIndexInSegment"": -1, ""value"": ""Unspecified""}, ""Purpose"": {""endIndexInSegment"": -1, ""startIndexInSegment"": -1, ""value"": ""Unspecified""}}",407,430
9,C2654,3858,1,First Party Collection/Use,0,except in limited circumstances,"{""Collection Mode"": {""endIndexInSegment"": 178, ""startIndexInSegment"": 111, ""selectedText"": ""submitting photos, listing in our classifieds, or taking our survey"", ""value"": ""Explicit""}, ""Choice Scope"": {""endIndexInSegment"": 398, ""startIndexInSegment"": 314, ""selectedText"": ""sell this information or your photos to a third party or place you on a mailing list"", ""value"": ""Use""}, ""Action First-Party"": {""endIndexInSegment"": -1, ""startIndexInSegment"": -1, ""value"": ""Unspecified""}, ""Personal Information Type"": {""endIndexInSegment"": 272, ""startIndexInSegment"": 219, ""selectedText"": ""name, email address, home address and/or phone number"", ""value"": ""Contact""}, ""Choice Type"": {""endIndexInSegment"": 430, ""startIndexInSegment"": 407, ""selectedText"": ""your express permission"", ""value"": ""Opt-in""}, ""Identifiability"": {""endIndexInSegment"": -1, ""startIndexInSegment"": -1, ""value"": ""Unspecified""}, ""Does/Does Not"": {""endIndexInSegment"": 104, ""startIndexInSegment"": 73, ""selectedText"": ""except in limited circumstances"", ""value"": ""Does""}, ""User Type"": {""endIndexInSegment"": -1, ""startIndexInSegment"": -1, ""value"": ""Unspecified""}, ""Purpose"": {""endIndexInSegment"": -1, ""startIndexInSegment"": -1, ""value"": ""Unspecified""}}",73,104
10,C2655,3858,1,First Party Collection/Use,0,collect or use,"{""Collection Mode"": {""endIndexInSegment"": -1, ""startIndexInSegment"": -1, ""value"": ""not-selected""}, ""Choice Scope"": {""endIndexInSegment"": -1, ""startIndexInSegment"": -1, ""value"": ""not-selected""}, ""Action First-Party"": {""endIndexInSegment"": 45, ""startIndexInSegment"": 31, ""selectedText"": ""collect or use"", ""value"": ""Unspecified""}, ""Personal Information Type"": {""endIndexInSegment"": 71, ""startIndexInSegment"": 46, ""selectedText"": ""your personal information"", ""value"": ""Unspecified""}, ""Choice Type"": {""endIndexInSegment"": -1, ""startIndexInSegment"": -1, ""value"": ""not-selected""}, ""Identifiability"": {""endIndexInSegment"": -1, ""startIndexInSegment"": -1, ""value"": ""not-selected""}, ""Does/Does Not"": {""endIndexInSegment"": 30, ""startIndexInSegment"": 0, ""selectedText"": ""Dog Breed Info Center does not"", ""value"": ""Does Not""}, ""User Type"": {""endIndexInSegment"": -1, ""startIndexInSegment"": -1, ""value"": ""not-selected""}, ""Purpose"": {""endIndexInSegment"": 72, ""startIndexInSegment"": 0, ""selectedText"": ""Dog Breed Info Center does not collect or use your personal information,"", ""value"": ""Basic service/feature""}}",31,45
11,C2655,3858,1,First Party Collection/Use,0,your personal information,"{""Collection Mode"": {""endIndexInSegment"": -1, ""startIndexInSegment"": -1, ""value"": ""not-selected""}, ""Choice Scope"": {""endIndexInSegment"": -1, ""startIndexInSegment"": -1, ""value"": ""not-selected""}, ""Action First-Party"": {""endIndexInSegment"": 45, ""startIndexInSegment"": 31, ""selectedText"": ""collect or use"", ""value"": ""Unspecified""}, ""Personal Information Type"": {""endIndexInSegment"": 71, ""startIndexInSegment"": 46, ""selectedText"": ""your personal information"", ""value"": ""Unspecified""}, ""Choice Type"": {""endIndexInSegment"": -1, ""startIndexInSegment"": -1, ""value"": ""not-selected""}, ""Identifiability"": {""endIndexInSegment"": -1, ""startIndexInSegment"": -1, ""value"": ""not-selected""}, ""Does/Does Not"": {""endIndexInSegment"": 30, ""startIndexInSegment"": 0, ""selectedText"": ""Dog Breed Info Center does not"", ""value"": ""Does Not""}, ""User Type"": {""endIndexInSegment"": -1, ""startIndexInSegment"": -1, ""value"": ""not-selected""}, ""Purpose"": {""endIndexInSegment"": 72, ""startIndexInSegment"": 0, ""selectedText"": ""Dog Breed Info Center does not collect or use your personal information,"", ""value"": ""Basic service/feature""}}",46,71
12,C2655,3858,1,First Party Collection/Use,0,Dog Breed Info Center does not,"{""Collection Mode"": {""endIndexInSegment"": -1, ""startIndexInSegment"": -1, ""value"": ""not-selected""}, ""Choice Scope"": {""endIndexInSegment"": -1, ""startIndexInSegment"": -1, ""value"": ""not-selected""}, ""Action First-Party"": {""endIndexInSegment"": 45, ""startIndexInSegment"": 31, ""selectedText"": ""collect or use"", ""value"": ""Unspecified""}, ""Personal Information Type"": {""endIndexInSegment"": 71, ""startIndexInSegment"": 46, ""selectedText"": ""your personal information"", ""value"": ""Unspecified""}, ""Choice Type"": {""endIndexInSegment"": -1, ""startIndexInSegment"": -1, ""value"": ""not-selected""}, ""Identifiability"": {""endIndexInSegment"": -1, ""startIndexInSegment"": -1, ""value"": ""not-selected""}, ""Does/Does Not"": {""endIndexInSegment"": 30, ""startIndexInSegment"": 0, ""selectedText"": ""Dog Breed Info Center does not"", ""value"": ""Does Not""}, ""User Type"": {""endIndexInSegment"": -1, ""startIndexInSegment"": -1, ""value"": ""not-selected""}, ""Purpose"": {""endIndexInSegment"": 72, ""startIndexInSegment"": 0, ""selectedText"": ""Dog Breed Info Center does not collect or use your personal information,"", ""value"": ""Basic service/feature""}}",0,30
13,C2655,3858,1,First Party Collection/Use,0,"Dog Breed Info Center does not collect or use your personal information,","{""Collection Mode"": {""endIndexInSegment"": -1, ""startIndexInSegment"": -1, ""value"": ""not-selected""}, ""Choice Scope"": {""endIndexInSegment"": -1, ""startIndexInSegment"": -1, ""value"": ""not-selected""}, ""Action First-Party"": {""endIndexInSegment"": 45, ""startIndexInSegment"": 31, ""selectedText"": ""collect or use"", ""value"": ""Unspecified""}, ""Personal Information Type"": {""endIndexInSegment"": 71, ""startIndexInSegment"": 46, ""selectedText"": ""your personal information"", ""value"": ""Unspecified""}, ""Choice Type"": {""endIndexInSegment"": -1, ""startIndexInSegment"": -1, ""value"": ""not-selected""}, ""Identifiability"": {""endIndexInSegment"": -1, ""startIndexInSegment"": -1, ""value"": ""not-selected""}, ""Does/Does Not"": {""endIndexInSegment"": 30, ""startIndexInSegment"": 0, ""selectedText"": ""Dog Breed Info Center does not"", ""value"": ""Does Not""}, ""User Type"": {""endIndexInSegment"": -1, ""startIndexInSegment"": -1, ""value"": ""not-selected""}, ""Purpose"": {""endIndexInSegment"": 72, ""startIndexInSegment"": 0, ""selectedText"": ""Dog Breed Info Center does not collect or use your personal information,"", ""value"": ""Basic service/feature""}}",0,72
14,14228,3858,1,First Party Collection/Use,0,collect or use,"{""Collection Mode"": {""endIndexInSegment"": -1, ""startIndexInSegment"": -1, ""value"": ""not-selected""}, ""Choice Scope"": {""endIndexInSegment"": -1, ""startIndexInSegment"": -1, ""value"": ""not-selected""}, ""Action First-Party"": {""endIndexInSegment"": 45, ""startIndexInSegment"": 31, ""selectedText"": ""collect or use"", ""value"": ""Unspecified""}, ""Personal Information Type"": {""endIndexInSegment"": 71, ""startIndexInSegment"": 46, ""selectedText"": ""your personal information"", ""value"": ""Unspecified""}, ""Choice Type"": {""endIndexInSegment"": -1, ""startIndexInSegment"": -1, ""value"": ""not-selected""}, ""Identifiability"": {""endIndexInSegment"": -1, ""startIndexInSegment"": -1, ""value"": ""not-selected""}, ""Does/Does Not"": {""endIndexInSegment"": 81, ""startIndexInSegment"": 73, ""selectedText"": ""except i"", ""value"": ""Does""}, ""User Type"": {""endIndexInSegment"": -1, ""startIndexInSegment"": -1, ""value"": ""not-selected""}, ""Purpose"": {""endIndexInSegment"": 105, ""startIndexInSegment"": 81, ""selectedText"": ""n limited circumstances."", ""value"": ""Unspecified""}}",31,45
15,14228,3858,1,First Party Collection/Use,0,your personal information,"{""Collection Mode"": {""endIndexInSegment"": -1, ""startIndexInSegment"": -1, ""value"": ""not-selected""}, ""Choice Scope"": {""endIndexInSegment"": -1, ""startIndexInSegment"": -1, ""value"": ""not-selected""}, ""Action First-Party"": {""endIndexInSegment"": 45, ""startIndexInSegment"": 31, ""selectedText"": ""collect or use"", ""value"": ""Unspecified""}, ""Personal Information Type"": {""endIndexInSegment"": 71, ""startIndexInSegment"": 46, ""selectedText"": ""your personal information"", ""value"": ""Unspecified""}, ""Choice Type"": {""endIndexInSegment"": -1, ""startIndexInSegment"": -1, ""value"": ""not-selected""}, ""Identifiability"": {""endIndexInSegment"": -1, ""startIndexInSegment"": -1, ""value"": ""not-selected""}, ""Does/Does Not"": {""endIndexInSegment"": 81, ""startIndexInSegment"": 73, ""selectedText"": ""except i"", ""value"": ""Does""}, ""User Type"": {""endIndexInSegment"": -1, ""startIndexInSegment"": -1, ""value"": ""not-selected""}, ""Purpose"": {""endIndexInSegment"": 105, ""startIndexInSegment"": 81, ""selectedText"": ""n limited circumstances."", ""value"": ""Unspecified""}}",46,71
16,14228,3858,1,First Party Collection/Use,0,except i,"{""Collection Mode"": {""endIndexInSegment"": -1, ""startIndexInSegment"": -1, ""value"": ""not-selected""}, ""Choice Scope"": {""endIndexInSegment"": -1, ""startIndexInSegment"": -1, ""value"": ""not-selected""}, ""Action First-Party"": {""endIndexInSegment"": 45, ""startIndexInSegment"": 31, ""selectedText"": ""collect or use"", ""value"": ""Unspecified""}, ""Personal Information Type"": {""endIndexInSegment"": 71, ""startIndexInSegment"": 46, ""selectedText"": ""your personal information"", ""value"": ""Unspecified""}, ""Choice Type"": {""endIndexInSegment"": -1, ""startIndexInSegment"": -1, ""value"": ""not-selected""}, ""Identifiability"": {""endIndexInSegment"": -1, ""startIndexInSegment"": -1, ""value"": ""not-selected""}, ""Does/Does Not"": {""endIndexInSegment"": 81, ""startIndexInSegment"": 73, ""selectedText"": ""except i"", ""value"": ""Does""}, ""User Type"": {""endIndexInSegment"": -1, ""startIndexInSegment"": -1, ""value"": ""not-selected""}, ""Purpose"": {""endIndexInSegment"": 105, ""startIndexInSegment"": 81, ""selectedText"": ""n limited circumstances."", ""value"": ""Unspecified""}}",73,81
17,14228,3858,1,First Party Collection/Use,0,n limited circumstances.,"{""Collection Mode"": {""endIndexInSegment"": -1, ""startIndexInSegment"": -1, ""value"": ""not-selected""}, ""Choice Scope"": {""endIndexInSegment"": -1, ""startIndexInSegment"": -1, ""value"": ""not-selected""}, ""Action First-Party"": {""endIndexInSegment"": 45, ""startIndexInSegment"": 31, ""selectedText"": ""collect or use"", ""value"": ""Unspecified""}, ""Personal Information Type"": {""endIndexInSegment"": 71, ""startIndexInSegment"": 46, ""selectedText"": ""your personal information"", ""value"": ""Unspecified""}, ""Choice Type"": {""endIndexInSegment"": -1, ""startIndexInSegment"": -1, ""value"": ""not-selected""}, ""Identifiability"": {""endIndexInSegment"": -1, ""startIndexInSegment"": -1, ""value"": ""not-selected""}, ""Does/Does Not"": {""endIndexInSegment"": 81, ""startIndexInSegment"": 73, ""selectedText"": ""except i"", ""value"": ""Does""}, ""User Type"": {""endIndexInSegment"": -1, ""startIndexInSegment"": -1, ""value"": ""not-selected""}, ""Purpose"": {""endIndexInSegment"": 105, ""startIndexInSegment"": 81, ""selectedText"": ""n limited circumstances."", ""value"": ""Unspecified""}}",81,105
18,14230,3858,1,Third Party Sharing/Collection,1,to a third party,"{""Third Party Entity"": {""endIndexInSegment"": 367, ""startIndexInSegment"": 351, ""selectedText"": ""to a third party"", ""value"": ""Unnamed third party""}, ""Choice Scope"": {""endIndexInSegment"": -1, ""startIndexInSegment"": -1, ""value"": ""not-selected""}, ""Purpose"": {""endIndexInSegment"": 430, ""startIndexInSegment"": 283, ""selectedText"": ""Dog Breed Info Center will not sell this information or your photos to a third party or place you on a mailing list without your express permission"", ""value"": ""Unspecified""}, ""Personal Information Type"": {""endIndexInSegment"": 71, ""startIndexInSegment"": 60, ""selectedText"": ""information"", ""value"": ""Contact""}, ""Choice Type"": {""endIndexInSegment"": 430, ""startIndexInSegment"": 399, ""selectedText"": ""without your express permission"", ""value"": ""Opt-in""}, ""Identifiability"": {""endIndexInSegment"": -1, ""startIndexInSegment"": -1, ""value"": ""not-selected""}, ""Does/Does Not"": {""endIndexInSegment"": 313, ""startIndexInSegment"": 305, ""selectedText"": ""will not"", ""value"": ""Does Not""}, ""User Type"": {""endIndexInSegment"": -1, ""startIndexInSegment"": -1, ""value"": ""not-selected""}, ""Action Third Party"": {""endIndexInSegment"": 325, ""startIndexInSegment"": 314, ""selectedText"": ""sell this i"", ""value"": ""Receive/Shared with""}}",351,367
19,14230,3858,1,Third Party Sharing/Collection,1,Dog Breed Info Center will not sell this information or your photos to a third party or place you on a mailing list without your express permission,"{""Third Party Entity"": {""endIndexInSegment"": 367, ""startIndexInSegment"": 351, ""selectedText"": ""to a third party"", ""value"": ""Unnamed third party""}, ""Choice Scope"": {""endIndexInSegment"": -1, ""startIndexInSegment"": -1, ""value"": ""not-selected""}, ""Purpose"": {""endIndexInSegment"": 430, ""startIndexInSegment"": 283, ""selectedText"": ""Dog Breed Info Center will not sell this information or your photos to a third party or place you on a mailing list without your express permission"", ""value"": ""Unspecified""}, ""Personal Information Type"": {""endIndexInSegment"": 71, ""startIndexInSegment"": 60, ""selectedText"": ""information"", ""value"": ""Contact""}, ""Choice Type"": {""endIndexInSegment"": 430, ""startIndexInSegment"": 399, ""selectedText"": ""without your express permission"", ""value"": ""Opt-in""}, ""Identifiability"": {""endIndexInSegment"": -1, ""startIndexInSegment"": -1, ""value"": ""not-selected""}, ""Does/Does Not"": {""endIndexInSegment"": 313, ""startIndexInSegment"": 305, ""selectedText"": ""will not"", ""value"": ""Does Not""}, ""User Type"": {""endIndexInSegment"": -1, ""startIndexInSegment"": -1, ""value"": ""not-selected""}, ""Action Third Party"": {""endIndexInSegment"": 325, ""startIndexInSegment"": 314, ""selectedText"": ""sell this i"", ""value"": ""Receive/Shared with""}}",283,430
20,14230,3858,1,Third Party Sharing/Collection,1,information,"{""Third Party Entity"": {""endIndexInSegment"": 367, ""startIndexInSegment"": 351, ""selectedText"": ""to a third party"", ""value"": ""Unnamed third party""}, ""Choice Scope"": {""endIndexInSegment"": -1, ""startIndexInSegment"": -1, ""value"": ""not-selected""}, ""Purpose"": {""endIndexInSegment"": 430, ""startIndexInSegment"": 283, ""selectedText"": ""Dog Breed Info Center will not sell this information or your photos to a third party or place you on a mailing list without your express permission"", ""value"": ""Unspecified""}, ""Personal Information Type"": {""endIndexInSegment"": 71, ""startIndexInSegment"": 60, ""selectedText"": ""information"", ""value"": ""Contact""}, ""Choice Type"": {""endIndexInSegment"": 430, ""startIndexInSegment"": 399, ""selectedText"": ""without your express permission"", ""value"": ""Opt-in""}, ""Identifiability"": {""endIndexInSegment"": -1, ""startIndexInSegment"": -1, ""value"": ""not-selected""}, ""Does/Does Not"": {""endIndexInSegment"": 313, ""startIndexInSegment"": 305, ""selectedText"": ""will not"", ""value"": ""Does Not""}, ""User Type"": {""endIndexInSegment"": -1, ""startIndexInSegment"": -1, ""value"": ""not-selected""}, ""Action Third Party"": {""endIndexInSegment"": 325, ""startIndexInSegment"": 314, ""selectedText"": ""sell this i"", ""value"": ""Receive/Shared with""}}",60,71
21,14230,3858,1,Third Party Sharing/Collection,1,without your express permission,"{""Third Party Entity"": {""endIndexInSegment"": 367, ""startIndexInSegment"": 351, ""selectedText"": ""to a third party"", ""value"": ""Unnamed third party""}, ""Choice Scope"": {""endIndexInSegment"": -1, ""startIndexInSegment"": -1, ""value"": ""not-selected""}, ""Purpose"": {""endIndexInSegment"": 430, ""startIndexInSegment"": 283, ""selectedText"": ""Dog Breed Info Center will not sell this information or your photos to a third party or place you on a mailing list without your express permission"", ""value"": ""Unspecified""}, ""Personal Information Type"": {""endIndexInSegment"": 71, ""startIndexInSegment"": 60, ""selectedText"": ""information"", ""value"": ""Contact""}, ""Choice Type"": {""endIndexInSegment"": 430, ""startIndexInSegment"": 399, ""selectedText"": ""without your express permission"", ""value"": ""Opt-in""}, ""Identifiability"": {""endIndexInSegment"": -1, ""startIndexInSegment"": -1, ""value"": ""not-selected""}, ""Does/Does Not"": {""endIndexInSegment"": 313, ""startIndexInSegment"": 305, ""selectedText"": ""will not"", ""value"": ""Does Not""}, ""User Type"": {""endIndexInSegment"": -1, ""startIndexInSegment"": -1, ""value"": ""not-selected""}, ""Action Third Party"": {""endIndexInSegment"": 325, ""startIndexInSegment"": 314, ""selectedText"": ""sell this i"", ""value"": ""Receive/Shared with""}}",399,430
22,14230,3858,1,Third Party Sharing/Collection,1,sell this i,"{""Third Party Entity"": {""endIndexInSegment"": 367, ""startIndexInSegment"": 351, ""selectedText"": ""to a third party"", ""value"": ""Unnamed third party""}, ""Choice Scope"": {""endIndexInSegment"": -1, ""startIndexInSegment"": -1, ""value"": ""not-selected""}, ""Purpose"": {""endIndexInSegment"": 430, ""startIndexInSegment"": 283, ""selectedText"": ""Dog Breed Info Center will not sell this information or your photos to a third party or place you on a mailing list without your express permission"", ""value"": ""Unspecified""}, ""Personal Information Type"": {""endIndexInSegment"": 71, ""startIndexInSegment"": 60, ""selectedText"": ""information"", ""value"": ""Contact""}, ""Choice Type"": {""endIndexInSegment"": 430, ""startIndexInSegment"": 399, ""selectedText"": ""without your express permission"", ""value"": ""Opt-in""}, ""Identifiability"": {""endIndexInSegment"": -1, ""startIndexInSegment"": -1, ""value"": ""not-selected""}, ""Does/Does Not"": {""endIndexInSegment"": 313, ""startIndexInSegment"": 305, ""selectedText"": ""will not"", ""value"": ""Does Not""}, ""User Type"": {""endIndexInSegment"": -1, ""startIndexInSegment"": -1, ""value"": ""not-selected""}, ""Action Third Party"": {""endIndexInSegment"": 325, ""startIndexInSegment"": 314, ""selectedText"": ""sell this i"", ""value"": ""Receive/Shared with""}}",314,325
23,14230,3858,1,Third Party Sharing/Collection,1,will not,"{""Third Party Entity"": {""endIndexInSegment"": 367, ""startIndexInSegment"": 351, ""selectedText"": ""to a third party"", ""value"": ""Unnamed third party""}, ""Choice Scope"": {""endIndexInSegment"": -1, ""startIndexInSegment"": -1, ""value"": ""not-selected""}, ""Purpose"": {""endIndexInSegment"": 430, ""startIndexInSegment"": 283, ""selectedText"": ""Dog Breed Info Center will not sell this information or your photos to a third party or place you on a mailing list without your express permission"", ""value"": ""Unspecified""}, ""Personal Information Type"": {""endIndexInSegment"": 71, ""startIndexInSegment"": 60, ""selectedText"": ""information"", ""value"": ""Contact""}, ""Choice Type"": {""endIndexInSegment"": 430, ""startIndexInSegment"": 399, ""selectedText"": ""without your express permission"", ""value"": ""Opt-in""}, ""Identifiability"": {""endIndexInSegment"": -1, ""startIndexInSegment"": -1, ""value"": ""not-selected""}, ""Does/Does Not"": {""endIndexInSegment"": 313, ""startIndexInSegment"": 305, ""selectedText"": ""will not"", ""value"": ""Does Not""}, ""User Type"": {""endIndexInSegment"": -1, ""startIndexInSegment"": -1, ""value"": ""not-selected""}, ""Action Third Party"": {""endIndexInSegment"": 325, ""startIndexInSegment"": 314, ""selectedText"": ""sell this i"", ""value"": ""Receive/Shared with""}}",305,313
24,16033,3858,1,First Party Collection/Use,0,may collect,"{""Collection Mode"": {""selectedText"": ""null"", ""startIndexInSegment"": -1, ""endIndexInSegment"": -1, ""value"": ""not-selected""}, ""Choice Scope"": {""selectedText"": ""null"", ""startIndexInSegment"": -1, ""endIndexInSegment"": -1, ""value"": ""not-selected""}, ""Action First-Party"": {""selectedText"": ""may collect"", ""startIndexInSegment"": 202, ""endIndexInSegment"": 213, ""value"": ""Collect on website""}, ""Personal Information Type"": {""selectedText"": ""your name, email address, home address and/or phone number"", ""startIndexInSegment"": 214, ""endIndexInSegment"": 272, ""value"": ""Contact""}, ""Choice Type"": {""selectedText"": ""null"", ""startIndexInSegment"": -1, ""endIndexInSegment"": -1, ""value"": ""not-selected""}, ""Identifiability"": {""selectedText"": ""null"", ""startIndexInSegment"": -1, ""endIndexInSegment"": -1, ""value"": ""not-selected""}, ""Does/Does Not"": {""selectedText"": ""null"", ""startIndexInSegment"": -1, ""endIndexInSegment"": -1, ""value"": ""Does""}, ""User Type"": {""selectedText"": ""null"", ""startIndexInSegment"": -1, ""endIndexInSegment"": -1, ""value"": ""not-selected""}, ""Purpose"": {""selectedText"": ""When submitting photos, listing in our classifieds, or taking our survey, Dog Breed Info Center"", ""startIndexInSegment"": 106, ""endIndexInSegment"": 201, ""value"": ""Additional service/feature""}}",202,213
25,16033,3858,1,First Party Collection/Use,0,"your name, email address, home address and/or phone number","{""Collection Mode"": {""selectedText"": ""null"", ""startIndexInSegment"": -1, ""endIndexInSegment"": -1, ""value"": ""not-selected""}, ""Choice Scope"": {""selectedText"": ""null"", ""startIndexInSegment"": -1, ""endIndexInSegment"": -1, ""value"": ""not-selected""}, ""Action First-Party"": {""selectedText"": ""may collect"", ""startIndexInSegment"": 202, ""endIndexInSegment"": 213, ""value"": ""Collect on website""}, ""Personal Information Type"": {""selectedText"": ""your name, email address, home address and/or phone number"", ""startIndexInSegment"": 214, ""endIndexInSegment"": 272, ""value"": ""Contact""}, ""Choice Type"": {""selectedText"": ""null"", ""startIndexInSegment"": -1, ""endIndexInSegment"": -1, ""value"": ""not-selected""}, ""Identifiability"": {""selectedText"": ""null"", ""startIndexInSegment"": -1, ""endIndexInSegment"": -1, ""value"": ""not-selected""}, ""Does/Does Not"": {""selectedText"": ""null"", ""startIndexInSegment"": -1, ""endIndexInSegment"": -1, ""value"": ""Does""}, ""User Type"": {""selectedText"": ""null"", ""startIndexInSegment"": -1, ""endIndexInSegment"": -1, ""value"": ""not-selected""}, ""Purpose"": {""selectedText"": ""When submitting photos, listing in our classifieds, or taking our survey, Dog Breed Info Center"", ""startIndexInSegment"": 106, ""endIndexInSegment"": 201, ""value"": ""Additional service/feature""}}",214,272
26,16033,3858,1,First Party Collection/Use,0,"When submitting photos, listing in our classifieds, or taking our survey, Dog Breed Info Center","{""Collection Mode"": {""selectedText"": ""null"", ""startIndexInSegment"": -1, ""endIndexInSegment"": -1, ""value"": ""not-selected""}, ""Choice Scope"": {""selectedText"": ""null"", ""startIndexInSegment"": -1, ""endIndexInSegment"": -1, ""value"": ""not-selected""}, ""Action First-Party"": {""selectedText"": ""may collect"", ""startIndexInSegment"": 202, ""endIndexInSegment"": 213, ""value"": ""Collect on website""}, ""Personal Information Type"": {""selectedText"": ""your name, email address, home address and/or phone number"", ""startIndexInSegment"": 214, ""endIndexInSegment"": 272, ""value"": ""Contact""}, ""Choice Type"": {""selectedText"": ""null"", ""startIndexInSegment"": -1, ""endIndexInSegment"": -1, ""value"": ""not-selected""}, ""Identifiability"": {""selectedText"": ""null"", ""startIndexInSegment"": -1, ""endIndexInSegment"": -1, ""value"": ""not-selected""}, ""Does/Does Not"": {""selectedText"": ""null"", ""startIndexInSegment"": -1, ""endIndexInSegment"": -1, ""value"": ""Does""}, ""User Type"": {""selectedText"": ""null"", ""startIndexInSegment"": -1, ""endIndexInSegment"": -1, ""value"": ""not-selected""}, ""Purpose"": {""selectedText"": ""When submitting photos, listing in our classifieds, or taking our survey, Dog Breed Info Center"", ""startIndexInSegment"": 106, ""endIndexInSegment"": 201, ""value"": ""Additional service/feature""}}",106,201
27,16034,3858,1,Third Party Sharing/Collection,1,third party,"{""Third Party Entity"": {""selectedText"": ""third party"", ""startIndexInSegment"": 356, ""endIndexInSegment"": 367, ""value"": ""Unnamed third party""}, ""Choice Scope"": {""selectedText"": ""null"", ""startIndexInSegment"": -1, ""endIndexInSegment"": -1, ""value"": ""not-selected""}, ""Purpose"": {""selectedText"": ""this information"", ""startIndexInSegment"": 319, ""endIndexInSegment"": 335, ""value"": ""Unspecified""}, ""Personal Information Type"": {""selectedText"": ""collect cookies"", ""startIndexInSegment"": 463, ""endIndexInSegment"": 478, ""value"": ""Cookies and tracking elements""}, ""Choice Type"": {""selectedText"": ""null"", ""startIndexInSegment"": -1, ""endIndexInSegment"": -1, ""value"": ""not-selected""}, ""Identifiability"": {""selectedText"": ""null"", ""startIndexInSegment"": -1, ""endIndexInSegment"": -1, ""value"": ""not-selected""}, ""Does/Does Not"": {""selectedText"": ""does not"", ""startIndexInSegment"": 454, ""endIndexInSegment"": 462, ""value"": ""Does Not""}, ""User Type"": {""selectedText"": ""null"", ""startIndexInSegment"": -1, ""endIndexInSegment"": -1, ""value"": ""not-selected""}, ""Action Third Party"": {""selectedText"": ""will not sell"", ""startIndexInSegment"": 305, ""endIndexInSegment"": 318, ""value"": ""Receive/Shared with""}}",356,367
28,16034,3858,1,Third Party Sharing/Collection,1,this information,"{""Third Party Entity"": {""selectedText"": ""third party"", ""startIndexInSegment"": 356, ""endIndexInSegment"": 367, ""value"": ""Unnamed third party""}, ""Choice Scope"": {""selectedText"": ""null"", ""startIndexInSegment"": -1, ""endIndexInSegment"": -1, ""value"": ""not-selected""}, ""Purpose"": {""selectedText"": ""this information"", ""startIndexInSegment"": 319, ""endIndexInSegment"": 335, ""value"": ""Unspecified""}, ""Personal Information Type"": {""selectedText"": ""collect cookies"", ""startIndexInSegment"": 463, ""endIndexInSegment"": 478, ""value"": ""Cookies and tracking elements""}, ""Choice Type"": {""selectedText"": ""null"", ""startIndexInSegment"": -1, ""endIndexInSegment"": -1, ""value"": ""not-selected""}, ""Identifiability"": {""selectedText"": ""null"", ""startIndexInSegment"": -1, ""endIndexInSegment"": -1, ""value"": ""not-selected""}, ""Does/Does Not"": {""selectedText"": ""does not"", ""startIndexInSegment"": 454, ""endIndexInSegment"": 462, ""value"": ""Does Not""}, ""User Type"": {""selectedText"": ""null"", ""startIndexInSegment"": -1, ""endIndexInSegment"": -1, ""value"": ""not-selected""}, ""Action Third Party"": {""selectedText"": ""will not sell"", ""startIndexInSegment"": 305, ""endIndexInSegment"": 318, ""value"": ""Receive/Shared with""}}",319,335
29,16034,3858,1,Third Party Sharing/Collection,1,collect cookies,"{""Third Party Entity"": {""selectedText"": ""third party"", ""startIndexInSegment"": 356, ""endIndexInSegment"": 367, ""value"": ""Unnamed third party""}, ""Choice Scope"": {""selectedText"": ""null"", ""startIndexInSegment"": -1, ""endIndexInSegment"": -1, ""value"": ""not-selected""}, ""Purpose"": {""selectedText"": ""this information"", ""startIndexInSegment"": 319, ""endIndexInSegment"": 335, ""value"": ""Unspecified""}, ""Personal Information Type"": {""selectedText"": ""collect cookies"", ""startIndexInSegment"": 463, ""endIndexInSegment"": 478, ""value"": ""Cookies and tracking elements""}, ""Choice Type"": {""selectedText"": ""null"", ""startIndexInSegment"": -1, ""endIndexInSegment"": -1, ""value"": ""not-selected""}, ""Identifiability"": {""selectedText"": ""null"", ""startIndexInSegment"": -1, ""endIndexInSegment"": -1, ""value"": ""not-selected""}, ""Does/Does Not"": {""selectedText"": ""does not"", ""startIndexInSegment"": 454, ""endIndexInSegment"": 462, ""value"": ""Does Not""}, ""User Type"": {""selectedText"": ""null"", ""startIndexInSegment"": -1, ""endIndexInSegment"": -1, ""value"": ""not-selected""}, ""Action Third Party"": {""selectedText"": ""will not sell"", ""startIndexInSegment"": 305, ""endIndexInSegment"": 318, ""value"": ""Receive/Shared with""}}",463,478
30,16034,3858,1,Third Party Sharing/Collection,1,will not sell,"{""Third Party Entity"": {""selectedText"": ""third party"", ""startIndexInSegment"": 356, ""endIndexInSegment"": 367, ""value"": ""Unnamed third party""}, ""Choice Scope"": {""selectedText"": ""null"", ""startIndexInSegment"": -1, ""endIndexInSegment"": -1, ""value"": ""not-selected""}, ""Purpose"": {""selectedText"": ""this information"", ""startIndexInSegment"": 319, ""endIndexInSegment"": 335, ""value"": ""Unspecified""}, ""Personal Information Type"": {""selectedText"": ""collect cookies"", ""startIndexInSegment"": 463, ""endIndexInSegment"": 478, ""value"": ""Cookies and tracking elements""}, ""Choice Type"": {""selectedText"": ""null"", ""startIndexInSegment"": -1, ""endIndexInSegment"": -1, ""value"": ""not-selected""}, ""Identifiability"": {""selectedText"": ""null"", ""startIndexInSegment"": -1, ""endIndexInSegment"": -1, ""value"": ""not-selected""}, ""Does/Does Not"": {""selectedText"": ""does not"", ""startIndexInSegment"": 454, ""endIndexInSegment"": 462, ""value"": ""Does Not""}, ""User Type"": {""selectedText"": ""null"", ""startIndexInSegment"": -1, ""endIndexInSegment"": -1, ""value"": ""not-selected""}, ""Action Third Party"": {""selectedText"": ""will not sell"", ""startIndexInSegment"": 305, ""endIndexInSegment"": 318, ""value"": ""Receive/Shared with""}}",305,318
31,16034,3858,1,Third Party Sharing/Collection,1,does not,"{""Third Party Entity"": {""selectedText"": ""third party"", ""startIndexInSegment"": 356, ""endIndexInSegment"": 367, ""value"": ""Unnamed third party""}, ""Choice Scope"": {""selectedText"": ""null"", ""startIndexInSegment"": -1, ""endIndexInSegment"": -1, ""value"": ""not-selected""}, ""Purpose"": {""selectedText"": ""this information"", ""startIndexInSegment"": 319, ""endIndexInSegment"": 335, ""value"": ""Unspecified""}, ""Personal Information Type"": {""selectedText"": ""collect cookies"", ""startIndexInSegment"": 463, ""endIndexInSegment"": 478, ""value"": ""Cookies and tracking elements""}, ""Choice Type"": {""selectedText"": ""null"", ""startIndexInSegment"": -1, ""endIndexInSegment"": -1, ""value"": ""not-selected""}, ""Identifiability"": {""selectedText"": ""null"", ""startIndexInSegment"": -1, ""endIndexInSegment"": -1, ""value"": ""not-selected""}, ""Does/Does Not"": {""selectedText"": ""does not"", ""startIndexInSegment"": 454, ""endIndexInSegment"": 462, ""value"": ""Does Not""}, ""User Type"": {""selectedText"": ""null"", ""startIndexInSegment"": -1, ""endIndexInSegment"": -1, ""value"": ""not-selected""}, ""Action Third Party"": {""selectedText"": ""will not sell"", ""startIndexInSegment"": 305, ""endIndexInSegment"": 318, ""value"": ""Receive/Shared with""}}",454,462
32,14045,3858,1,Introductory/Generic,9,This is strictly an information site used for research and your enjoyment.,"{""Other Type"": {""endIndexInSegment"": 569, ""startIndexInSegment"": 495, ""selectedText"": ""This is strictly an information site used for research and your enjoyment."", ""value"": ""Introductory/Generic""}}",495,569
33,C2656,3858,2,Third Party Sharing/Collection,1,third-party vendors,"{""Third Party Entity"": {""endIndexInSegment"": 75, ""startIndexInSegment"": 56, ""selectedText"": ""third-party vendors"", ""value"": ""Unnamed third party""}, ""Choice Scope"": {""endIndexInSegment"": -1, ""startIndexInSegment"": -1, ""value"": ""Unspecified""}, ""Purpose"": {""endIndexInSegment"": 103, ""startIndexInSegment"": 76, ""selectedText"": ""to serve ads on our website"", ""value"": ""Advertising""}, ""Personal Information Type"": {""endIndexInSegment"": -1, ""startIndexInSegment"": -1, ""value"": ""Unspecified""}, ""Choice Type"": {""endIndexInSegment"": -1, ""startIndexInSegment"": -1, ""value"": ""Unspecified""}, ""Identifiability"": {""endIndexInSegment"": -1, ""startIndexInSegment"": -1, ""value"": ""Unspecified""}, ""Does/Does Not"": {""endIndexInSegment"": -1, ""startIndexInSegment"": -1, ""value"": ""Does""}, ""User Type"": {""endIndexInSegment"": -1, ""startIndexInSegment"": -1, ""value"": ""Unspecified""}, ""Action Third Party"": {""endIndexInSegment"": 55, ""startIndexInSegment"": 22, ""selectedText"": ""uses Google AdSense, which allows"", ""value"": ""Other""}}",56,75
34,C2656,3858,2,Third Party Sharing/Collection,1,to serve ads on our website,"{""Third Party Entity"": {""endIndexInSegment"": 75, ""startIndexInSegment"": 56, ""selectedText"": ""third-party vendors"", ""value"": ""Unnamed third party""}, ""Choice Scope"": {""endIndexInSegment"": -1, ""startIndexInSegment"": -1, ""value"": ""Unspecified""}, ""Purpose"": {""endIndexInSegment"": 103, ""startIndexInSegment"": 76, ""selectedText"": ""to serve ads on our website"", ""value"": ""Advertising""}, ""Personal Information Type"": {""endIndexInSegment"": -1, ""startIndexInSegment"": -1, ""value"": ""Unspecified""}, ""Choice Type"": {""endIndexInSegment"": -1, ""startIndexInSegment"": -1, ""value"": ""Unspecified""}, ""Identifiability"": {""endIndexInSegment"": -1, ""startIndexInSegment"": -1, ""value"": ""Unspecified""}, ""Does/Does Not"": {""endIndexInSegment"": -1, ""startIndexInSegment"": -1, ""value"": ""Does""}, ""User Type"": {""endIndexInSegment"": -1, ""startIndexInSegment"": -1, ""value"": ""Unspecified""}, ""Action Third Party"": {""endIndexInSegment"": 55, ""startIndexInSegment"": 22, ""selectedText"": ""uses Google AdSense, which allows"", ""value"": ""Other""}}",76,103
35,C2656,3858,2,Third Party Sharing/Collection,1,"uses Google AdSense, which allows","{""Third Party Entity"": {""endIndexInSegment"": 75, ""startIndexInSegment"": 56, ""selectedText"": ""third-party vendors"", ""value"": ""Unnamed third party""}, ""Choice Scope"": {""endIndexInSegment"": -1, ""startIndexInSegment"": -1, ""value"": ""Unspecified""}, ""Purpose"": {""endIndexInSegment"": 103, ""startIndexInSegment"": 76, ""selectedText"": ""to serve ads on our website"", ""value"": ""Advertising""}, ""Personal Information Type"": {""endIndexInSegment"": -1, ""startIndexInSegment"": -1, ""value"": ""Unspecified""}, ""Choice Type"": {""endIndexInSegment"": -1, ""startIndexInSegment"": -1, ""value"": ""Unspecified""}, ""Identifiability"": {""endIndexInSegment"": -1, ""startIndexInSegment"": -1, ""value"": ""Unspecified""}, ""Does/Does Not"": {""endIndexInSegment"": -1, ""startIndexInSegment"": -1, ""value"": ""Does""}, ""User Type"": {""endIndexInSegment"": -1, ""startIndexInSegment"": -1, ""value"": ""Unspecified""}, ""Action Third Party"": {""endIndexInSegment"": 55, ""startIndexInSegment"": 22, ""selectedText"": ""uses Google AdSense, which allows"", ""value"": ""Other""}}",22,55
36,C2657,3858,2,Other,0,You can find a list of allowed third-party ads by going to https://www.google.com/adsense/support/bin/answer.py?answer=94149topic=14535.,"{""Other Type"": {""endIndexInSegment"": 241, ""startIndexInSegment"": 105, ""selectedText"": ""You can find a list of allowed third-party ads by going to https://www.google.com/adsense/support/bin/answer.py?answer=94149topic=14535."", ""value"": ""Other""}}",105,241
37,16035,3858,2,Third Party Sharing/Collection,1,Google AdSense,"{""Third Party Entity"": {""selectedText"": ""Google AdSense"", ""startIndexInSegment"": 27, ""endIndexInSegment"": 41, ""value"": ""Named third party""}, ""Choice Scope"": {""selectedText"": ""null"", ""startIndexInSegment"": -1, ""endIndexInSegment"": -1, ""value"": ""not-selected""}, ""Purpose"": {""selectedText"": ""serve ads on our website"", ""startIndexInSegment"": 79, ""endIndexInSegment"": 103, ""value"": ""Advertising""}, ""Personal Information Type"": {""selectedText"": ""Not selected"", ""startIndexInSegment"": -1, ""endIndexInSegment"": -1, ""value"": ""Unspecified""}, ""Choice Type"": {""selectedText"": ""null"", ""startIndexInSegment"": -1, ""endIndexInSegment"": -1, ""value"": ""not-selected""}, ""Identifiability"": {""selectedText"": ""null"", ""startIndexInSegment"": -1, ""endIndexInSegment"": -1, ""value"": ""not-selected""}, ""Does/Does Not"": {""selectedText"": ""null"", ""startIndexInSegment"": -1, ""endIndexInSegment"": -1, ""value"": ""Does""}, ""User Type"": {""selectedText"": ""null"", ""startIndexInSegment"": -1, ""endIndexInSegment"": -1, ""value"": ""not-selected""}, ""Action Third Party"": {""selectedText"": ""on our website"", ""startIndexInSegment"": 89, ""endIndexInSegment"": 103, ""value"": ""Track on first party website/app""}}",27,41
38,16035,3858,2,Third Party Sharing/Collection,1,serve ads on our website,"{""Third Party Entity"": {""selectedText"": ""Google AdSense"", ""startIndexInSegment"": 27, ""endIndexInSegment"": 41, ""value"": ""Named third party""}, ""Choice Scope"": {""selectedText"": ""null"", ""startIndexInSegment"": -1, ""endIndexInSegment"": -1, ""value"": ""not-selected""}, ""Purpose"": {""selectedText"": ""serve ads on our website"", ""startIndexInSegment"": 79, ""endIndexInSegment"": 103, ""value"": ""Advertising""}, ""Personal Information Type"": {""selectedText"": ""Not selected"", ""startIndexInSegment"": -1, ""endIndexInSegment"": -1, ""value"": ""Unspecified""}, ""Choice Type"": {""selectedText"": ""null"", ""startIndexInSegment"": -1, ""endIndexInSegment"": -1, ""value"": ""not-selected""}, ""Identifiability"": {""selectedText"": ""null"", ""startIndexInSegment"": -1, ""endIndexInSegment"": -1, ""value"": ""not-selected""}, ""Does/Does Not"": {""selectedText"": ""null"", ""startIndexInSegment"": -1, ""endIndexInSegment"": -1, ""value"": ""Does""}, ""User Type"": {""selectedText"": ""null"", ""startIndexInSegment"": -1, ""endIndexInSegment"": -1, ""value"": ""not-selected""}, ""Action Third Party"": {""selectedText"": ""on our website"", ""startIndexInSegment"": 89, ""endIndexInSegment"": 103, ""value"": ""Track on first party website/app""}}",79,103
39,16035,3858,2,Third Party Sharing/Collection,1,on our website,"{""Third Party Entity"": {""selectedText"": ""Google AdSense"", ""startIndexInSegment"": 27, ""endIndexInSegment"": 41, ""value"": ""Named third party""}, ""Choice Scope"": {""selectedText"": ""null"", ""startIndexInSegment"": -1, ""endIndexInSegment"": -1, ""value"": ""not-selected""}, ""Purpose"": {""selectedText"": ""serve ads on our website"", ""startIndexInSegment"": 79, ""endIndexInSegment"": 103, ""value"": ""Advertising""}, ""Personal Information Type"": {""selectedText"": ""Not selected"", ""startIndexInSegment"": -1, ""endIndexInSegment"": -1, ""value"": ""Unspecified""}, ""Choice Type"": {""selectedText"": ""null"", ""startIndexInSegment"": -1, ""endIndexInSegment"": -1, ""value"": ""not-selected""}, ""Identifiability"": {""selectedText"": ""null"", ""startIndexInSegment"": -1, ""endIndexInSegment"": -1, ""value"": ""not-selected""}, ""Does/Does Not"": {""selectedText"": ""null"", ""startIndexInSegment"": -1, ""endIndexInSegment"": -1, ""value"": ""Does""}, ""User Type"": {""selectedText"": ""null"", ""startIndexInSegment"": -1, ""endIndexInSegment"": -1, ""value"": ""not-selected""}, ""Action Third Party"": {""selectedText"": ""on our website"", ""startIndexInSegment"": 89, ""endIndexInSegment"": 103, ""value"": ""Track on first party website/app""}}",89,103
40,C2658,3858,3,Third Party Sharing/Collection,1,Google AdSense,"{""Third Party Entity"": {""endIndexInSegment"": 192, ""startIndexInSegment"": 178, ""selectedText"": ""Google AdSense"", ""value"": ""Named third party""}, ""Choice Scope"": {""endIndexInSegment"": 527, ""startIndexInSegment"": 471, ""selectedText"": ""about not having this information used by Google AdSense"", ""value"": ""Use""}, ""Purpose"": {""endIndexInSegment"": 345, ""startIndexInSegment"": 320, ""selectedText"": ""to provide advertisements"", ""value"": ""Advertising""}, ""Personal Information Type"": {""endIndexInSegment"": 263, ""startIndexInSegment"": 215, ""selectedText"": ""name, address, email address or telephone number"", ""value"": ""Contact""}, ""Choice Type"": {""endIndexInSegment"": 470, ""startIndexInSegment"": 458, ""selectedText"": ""your choices"", ""value"": ""Unspecified""}, ""Identifiability"": {""endIndexInSegment"": -1, ""startIndexInSegment"": -1, ""value"": ""Unspecified""}, ""Does/Does Not"": {""endIndexInSegment"": 201, ""startIndexInSegment"": 193, ""selectedText"": ""will not"", ""value"": ""Does Not""}, ""User Type"": {""endIndexInSegment"": -1, ""startIndexInSegment"": -1, ""value"": ""Unspecified""}, ""Action Third Party"": {""endIndexInSegment"": -1, ""startIndexInSegment"": -1, ""value"": ""Unspecified""}}",178,192
41,C2658,3858,3,Third Party Sharing/Collection,1,about not having this information used by Google AdSense,"{""Third Party Entity"": {""endIndexInSegment"": 192, ""startIndexInSegment"": 178, ""selectedText"": ""Google AdSense"", ""value"": ""Named third party""}, ""Choice Scope"": {""endIndexInSegment"": 527, ""startIndexInSegment"": 471, ""selectedText"": ""about not having this information used by Google AdSense"", ""value"": ""Use""}, ""Purpose"": {""endIndexInSegment"": 345, ""startIndexInSegment"": 320, ""selectedText"": ""to provide advertisements"", ""value"": ""Advertising""}, ""Personal Information Type"": {""endIndexInSegment"": 263, ""startIndexInSegment"": 215, ""selectedText"": ""name, address, email address or telephone number"", ""value"": ""Contact""}, ""Choice Type"": {""endIndexInSegment"": 470, ""startIndexInSegment"": 458, ""selectedText"": ""your choices"", ""value"": ""Unspecified""}, ""Identifiability"": {""endIndexInSegment"": -1, ""startIndexInSegment"": -1, ""value"": ""Unspecified""}, ""Does/Does Not"": {""endIndexInSegment"": 201, ""startIndexInSegment"": 193, ""selectedText"": ""will not"", ""value"": ""Does Not""}, ""User Type"": {""endIndexInSegment"": -1, ""startIndexInSegment"": -1, ""value"": ""Unspecified""}, ""Action Third Party"": {""endIndexInSegment"": -1, ""startIndexInSegment"": -1, ""value"": ""Unspecified""}}",471,527
42,C2658,3858,3,Third Party Sharing/Collection,1,to provide advertisements,"{""Third Party Entity"": {""endIndexInSegment"": 192, ""startIndexInSegment"": 178, ""selectedText"": ""Google AdSense"", ""value"": ""Named third party""}, ""Choice Scope"": {""endIndexInSegment"": 527, ""startIndexInSegment"": 471, ""selectedText"": ""about not having this information used by Google AdSense"", ""value"": ""Use""}, ""Purpose"": {""endIndexInSegment"": 345, ""startIndexInSegment"": 320, ""selectedText"": ""to provide advertisements"", ""value"": ""Advertising""}, ""Personal Information Type"": {""endIndexInSegment"": 263, ""startIndexInSegment"": 215, ""selectedText"": ""name, address, email address or telephone number"", ""value"": ""Contact""}, ""Choice Type"": {""endIndexInSegment"": 470, ""startIndexInSegment"": 458, ""selectedText"": ""your choices"", ""value"": ""Unspecified""}, ""Identifiability"": {""endIndexInSegment"": -1, ""startIndexInSegment"": -1, ""value"": ""Unspecified""}, ""Does/Does Not"": {""endIndexInSegment"": 201, ""startIndexInSegment"": 193, ""selectedText"": ""will not"", ""value"": ""Does Not""}, ""User Type"": {""endIndexInSegment"": -1, ""startIndexInSegment"": -1, ""value"": ""Unspecified""}, ""Action Third Party"": {""endIndexInSegment"": -1, ""startIndexInSegment"": -1, ""value"": ""Unspecified""}}",320,345
43,C2658,3858,3,Third Party Sharing/Collection,1,"name, address, email address or telephone number","{""Third Party Entity"": {""endIndexInSegment"": 192, ""startIndexInSegment"": 178, ""selectedText"": ""Google AdSense"", ""value"": ""Named third party""}, ""Choice Scope"": {""endIndexInSegment"": 527, ""startIndexInSegment"": 471, ""selectedText"": ""about not having this information used by Google AdSense"", ""value"": ""Use""}, ""Purpose"": {""endIndexInSegment"": 345, ""startIndexInSegment"": 320, ""selectedText"": ""to provide advertisements"", ""value"": ""Advertising""}, ""Personal Information Type"": {""endIndexInSegment"": 263, ""startIndexInSegment"": 215, ""selectedText"": ""name, address, email address or telephone number"", ""value"": ""Contact""}, ""Choice Type"": {""endIndexInSegment"": 470, ""startIndexInSegment"": 458, ""selectedText"": ""your choices"", ""value"": ""Unspecified""}, ""Identifiability"": {""endIndexInSegment"": -1, ""startIndexInSegment"": -1, ""value"": ""Unspecified""}, ""Does/Does Not"": {""endIndexInSegment"": 201, ""startIndexInSegment"": 193, ""selectedText"": ""will not"", ""value"": ""Does Not""}, ""User Type"": {""endIndexInSegment"": -1, ""startIndexInSegment"": -1, ""value"": ""Unspecified""}, ""Action Third Party"": {""endIndexInSegment"": -1, ""startIndexInSegment"": -1, ""value"": ""Unspecified""}}",215,263
44,C2658,3858,3,Third Party Sharing/Collection,1,your choices,"{""Third Party Entity"": {""endIndexInSegment"": 192, ""startIndexInSegment"": 178, ""selectedText"": ""Google AdSense"", ""value"": ""Named third party""}, ""Choice Scope"": {""endIndexInSegment"": 527, ""startIndexInSegment"": 471, ""selectedText"": ""about not having this information used by Google AdSense"", ""value"": ""Use""}, ""Purpose"": {""endIndexInSegment"": 345, ""startIndexInSegment"": 320, ""selectedText"": ""to provide advertisements"", ""value"": ""Advertising""}, ""Personal Information Type"": {""endIndexInSegment"": 263, ""startIndexInSegment"": 215, ""selectedText"": ""name, address, email address or telephone number"", ""value"": ""Contact""}, ""Choice Type"": {""endIndexInSegment"": 470, ""startIndexInSegment"": 458, ""selectedText"": ""your choices"", ""value"": ""Unspecified""}, ""Identifiability"": {""endIndexInSegment"": -1, ""startIndexInSegment"": -1, ""value"": ""Unspecified""}, ""Does/Does Not"": {""endIndexInSegment"": 201, ""startIndexInSegment"": 193, ""selectedText"": ""will not"", ""value"": ""Does Not""}, ""User Type"": {""endIndexInSegment"": -1, ""startIndexInSegment"": -1, ""value"": ""Unspecified""}, ""Action Third Party"": {""endIndexInSegment"": -1, ""startIndexInSegment"": -1, ""value"": ""Unspecified""}}",458,470
45,C2658,3858,3,Third Party Sharing/Collection,1,will not,"{""Third Party Entity"": {""endIndexInSegment"": 192, ""startIndexInSegment"": 178, ""selectedText"": ""Google AdSense"", ""value"": ""Named third party""}, ""Choice Scope"": {""endIndexInSegment"": 527, ""startIndexInSegment"": 471, ""selectedText"": ""about not having this information used by Google AdSense"", ""value"": ""Use""}, ""Purpose"": {""endIndexInSegment"": 345, ""startIndexInSegment"": 320, ""selectedText"": ""to provide advertisements"", ""value"": ""Advertising""}, ""Personal Information Type"": {""endIndexInSegment"": 263, ""startIndexInSegment"": 215, ""selectedText"": ""name, address, email address or telephone number"", ""value"": ""Contact""}, ""Choice Type"": {""endIndexInSegment"": 470, ""startIndexInSegment"": 458, ""selectedText"": ""your choices"", ""value"": ""Unspecified""}, ""Identifiability"": {""endIndexInSegment"": -1, ""startIndexInSegment"": -1, ""value"": ""Unspecified""}, ""Does/Does Not"": {""endIndexInSegment"": 201, ""startIndexInSegment"": 193, ""selectedText"": ""will not"", ""value"": ""Does Not""}, ""User Type"": {""endIndexInSegment"": -1, ""startIndexInSegment"": -1, ""value"": ""Unspecified""}, ""Action Third Party"": {""endIndexInSegment"": -1, ""startIndexInSegment"": -1, ""value"": ""Unspecified""}}",193,201
46,C2659,3858,3,Third Party Sharing/Collection,1,third-party advertising companies,"{""Third Party Entity"": {""endIndexInSegment"": 37, ""startIndexInSegment"": 4, ""selectedText"": ""third-party advertising companies"", ""value"": ""Unnamed third party""}, ""Choice Scope"": {""endIndexInSegment"": -1, ""startIndexInSegment"": -1, ""value"": ""Unspecified""}, ""Purpose"": {""endIndexInSegment"": 144, ""startIndexInSegment"": 125, ""selectedText"": ""help them serve ads"", ""value"": ""Advertising""}, ""Personal Information Type"": {""endIndexInSegment"": 114, ""startIndexInSegment"": 103, ""selectedText"": ""information"", ""value"": ""Unspecified""}, ""Choice Type"": {""endIndexInSegment"": -1, ""startIndexInSegment"": -1, ""value"": ""Unspecified""}, ""Identifiability"": {""endIndexInSegment"": -1, ""startIndexInSegment"": -1, ""value"": ""Unspecified""}, ""Does/Does Not"": {""endIndexInSegment"": -1, ""startIndexInSegment"": -1, ""value"": ""Does""}, ""User Type"": {""endIndexInSegment"": -1, ""startIndexInSegment"": -1, ""value"": ""Unspecified""}, ""Action Third Party"": {""endIndexInSegment"": -1, ""startIndexInSegment"": -1, ""value"": ""Unspecified""}}",4,37
47,C2659,3858,3,Third Party Sharing/Collection,1,help them serve ads,"{""Third Party Entity"": {""endIndexInSegment"": 37, ""startIndexInSegment"": 4, ""selectedText"": ""third-party advertising companies"", ""value"": ""Unnamed third party""}, ""Choice Scope"": {""endIndexInSegment"": -1, ""startIndexInSegment"": -1, ""value"": ""Unspecified""}, ""Purpose"": {""endIndexInSegment"": 144, ""startIndexInSegment"": 125, ""selectedText"": ""help them serve ads"", ""value"": ""Advertising""}, ""Personal Information Type"": {""endIndexInSegment"": 114, ""startIndexInSegment"": 103, ""selectedText"": ""information"", ""value"": ""Unspecified""}, ""Choice Type"": {""endIndexInSegment"": -1, ""startIndexInSegment"": -1, ""value"": ""Unspecified""}, ""Identifiability"": {""endIndexInSegment"": -1, ""startIndexInSegment"": -1, ""value"": ""Unspecified""}, ""Does/Does Not"": {""endIndexInSegment"": -1, ""startIndexInSegment"": -1, ""value"": ""Does""}, ""User Type"": {""endIndexInSegment"": -1, ""startIndexInSegment"": -1, ""value"": ""Unspecified""}, ""Action Third Party"": {""endIndexInSegment"": -1, ""startIndexInSegment"": -1, ""value"": ""Unspecified""}}",125,144
48,C2659,3858,3,Third Party Sharing/Collection,1,information,"{""Third Party Entity"": {""endIndexInSegment"": 37, ""startIndexInSegment"": 4, ""selectedText"": ""third-party advertising companies"", ""value"": ""Unnamed third party""}, ""Choice Scope"": {""endIndexInSegment"": -1, ""startIndexInSegment"": -1, ""value"": ""Unspecified""}, ""Purpose"": {""endIndexInSegment"": 144, ""startIndexInSegment"": 125, ""selectedText"": ""help them serve ads"", ""value"": ""Advertising""}, ""Personal Information Type"": {""endIndexInSegment"": 114, ""startIndexInSegment"": 103, ""selectedText"": ""information"", ""value"": ""Unspecified""}, ""Choice Type"": {""endIndexInSegment"": -1, ""startIndexInSegment"": -1, ""value"": ""Unspecified""}, ""Identifiability"": {""endIndexInSegment"": -1, ""startIndexInSegment"": -1, ""value"": ""Unspecified""}, ""Does/Does Not"": {""endIndexInSegment"": -1, ""startIndexInSegment"": -1, ""value"": ""Does""}, ""User Type"": {""endIndexInSegment"": -1, ""startIndexInSegment"": -1, ""value"": ""Unspecified""}, ""Action Third Party"": {""endIndexInSegment"": -1, ""startIndexInSegment"": -1, ""value"": ""Unspecified""}}",103,114
49,14236,3858,3,Third Party Sharing/Collection,1,Google AdSense,"{""Third Party Entity"": {""endIndexInSegment"": 192, ""startIndexInSegment"": 178, ""selectedText"": ""Google AdSense"", ""value"": ""Named third party""}, ""Choice Scope"": {""endIndexInSegment"": -1, ""startIndexInSegment"": -1, ""value"": ""not-selected""}, ""Purpose"": {""endIndexInSegment"": 389, ""startIndexInSegment"": 311, ""selectedText"": ""in order to provide advertisements about goods and services of interest to you"", ""value"": ""Advertising""}, ""Personal Information Type"": {""endIndexInSegment"": 310, ""startIndexInSegment"": 274, ""selectedText"": ""at visits to this and other websites"", ""value"": ""User online activities""}, ""Choice Type"": {""endIndexInSegment"": -1, ""startIndexInSegment"": -1, ""value"": ""not-selected""}, ""Identifiability"": {""endIndexInSegment"": -1, ""startIndexInSegment"": -1, ""value"": ""not-selected""}, ""Does/Does Not"": {""endIndexInSegment"": 201, ""startIndexInSegment"": 193, ""selectedText"": ""will not"", ""value"": ""Does Not""}, ""User Type"": {""endIndexInSegment"": -1, ""startIndexInSegment"": -1, ""value"": ""not-selected""}, ""Action Third Party"": {""endIndexInSegment"": 273, ""startIndexInSegment"": 265, ""selectedText"": ""It looks"", ""value"": ""Unspecified""}}",178,192
50,14236,3858,3,Third Party Sharing/Collection,1,in order to provide advertisements about goods and services of interest to you,"{""Third Party Entity"": {""endIndexInSegment"": 192, ""startIndexInSegment"": 178, ""selectedText"": ""Google AdSense"", ""value"": ""Named third party""}, ""Choice Scope"": {""endIndexInSegment"": -1, ""startIndexInSegment"": -1, ""value"": ""not-selected""}, ""Purpose"": {""endIndexInSegment"": 389, ""startIndexInSegment"": 311, ""selectedText"": ""in order to provide advertisements about goods and services of interest to you"", ""value"": ""Advertising""}, ""Personal Information Type"": {""endIndexInSegment"": 310, ""startIndexInSegment"": 274, ""selectedText"": ""at visits to this and other websites"", ""value"": ""User online activities""}, ""Choice Type"": {""endIndexInSegment"": -1, ""startIndexInSegment"": -1, ""value"": ""not-selected""}, ""Identifiability"": {""endIndexInSegment"": -1, ""startIndexInSegment"": -1, ""value"": ""not-selected""}, ""Does/Does Not"": {""endIndexInSegment"": 201, ""startIndexInSegment"": 193, ""selectedText"": ""will not"", ""value"": ""Does Not""}, ""User Type"": {""endIndexInSegment"": -1, ""startIndexInSegment"": -1, ""value"": ""not-selected""}, ""Action Third Party"": {""endIndexInSegment"": 273, ""startIndexInSegment"": 265, ""selectedText"": ""It looks"", ""value"": ""Unspecified""}}",311,389
51,14236,3858,3,Third Party Sharing/Collection,1,at visits to this and other websites,"{""Third Party Entity"": {""endIndexInSegment"": 192, ""startIndexInSegment"": 178, ""selectedText"": ""Google AdSense"", ""value"": ""Named third party""}, ""Choice Scope"": {""endIndexInSegment"": -1, ""startIndexInSegment"": -1, ""value"": ""not-selected""}, ""Purpose"": {""endIndexInSegment"": 389, ""startIndexInSegment"": 311, ""selectedText"": ""in order to provide advertisements about goods and services of interest to you"", ""value"": ""Advertising""}, ""Personal Information Type"": {""endIndexInSegment"": 310, ""startIndexInSegment"": 274, ""selectedText"": ""at visits to this and other websites"", ""value"": ""User online activities""}, ""Choice Type"": {""endIndexInSegment"": -1, ""startIndexInSegment"": -1, ""value"": ""not-selected""}, ""Identifiability"": {""endIndexInSegment"": -1, ""startIndexInSegment"": -1, ""value"": ""not-selected""}, ""Does/Does Not"": {""endIndexInSegment"": 201, ""startIndexInSegment"": 193, ""selectedText"": ""will not"", ""value"": ""Does Not""}, ""User Type"": {""endIndexInSegment"": -1, ""startIndexInSegment"": -1, ""value"": ""not-selected""}, ""Action Third Party"": {""endIndexInSegment"": 273, ""startIndexInSegment"": 265, ""selectedText"": ""It looks"", ""value"": ""Unspecified""}}",274,310
52,14236,3858,3,Third Party Sharing/Collection,1,It looks,"{""Third Party Entity"": {""endIndexInSegment"": 192, ""startIndexInSegment"": 178, ""selectedText"": ""Google AdSense"", ""value"": ""Named third party""}, ""Choice Scope"": {""endIndexInSegment"": -1, ""startIndexInSegment"": -1, ""value"": ""not-selected""}, ""Purpose"": {""endIndexInSegment"": 389, ""startIndexInSegment"": 311, ""selectedText"": ""in order to provide advertisements about goods and services of interest to you"", ""value"": ""Advertising""}, ""Personal Information Type"": {""endIndexInSegment"": 310, ""startIndexInSegment"": 274, ""selectedText"": ""at visits to this and other websites"", ""value"": ""User online activities""}, ""Choice Type"": {""endIndexInSegment"": -1, ""startIndexInSegment"": -1, ""value"": ""not-selected""}, ""Identifiability"": {""endIndexInSegment"": -1, ""startIndexInSegment"": -1, ""value"": ""not-selected""}, ""Does/Does Not"": {""endIndexInSegment"": 201, ""startIndexInSegment"": 193, ""selectedText"": ""will not"", ""value"": ""Does Not""}, ""User Type"": {""endIndexInSegment"": -1, ""startIndexInSegment"": -1, ""value"": ""not-selected""}, ""Action Third Party"": {""endIndexInSegment"": 273, ""startIndexInSegment"": 265, ""selectedText"": ""It looks"", ""value"": ""Unspecified""}}",265,273
53,14236,3858,3,Third Party Sharing/Collection,1,will not,"{""Third Party Entity"": {""endIndexInSegment"": 192, ""startIndexInSegment"": 178, ""selectedText"": ""Google AdSense"", ""value"": ""Named third party""}, ""Choice Scope"": {""endIndexInSegment"": -1, ""startIndexInSegment"": -1, ""value"": ""not-selected""}, ""Purpose"": {""endIndexInSegment"": 389, ""startIndexInSegment"": 311, ""selectedText"": ""in order to provide advertisements about goods and services of interest to you"", ""value"": ""Advertising""}, ""Personal Information Type"": {""endIndexInSegment"": 310, ""startIndexInSegment"": 274, ""selectedText"": ""at visits to this and other websites"", ""value"": ""User online activities""}, ""Choice Type"": {""endIndexInSegment"": -1, ""startIndexInSegment"": -1, ""value"": ""not-selected""}, ""Identifiability"": {""endIndexInSegment"": -1, ""startIndexInSegment"": -1, ""value"": ""not-selected""}, ""Does/Does Not"": {""endIndexInSegment"": 201, ""startIndexInSegment"": 193, ""selectedText"": ""will not"", ""value"": ""Does Not""}, ""User Type"": {""endIndexInSegment"": -1, ""startIndexInSegment"": -1, ""value"": ""not-selected""}, ""Action Third Party"": {""endIndexInSegment"": 273, ""startIndexInSegment"": 265, ""selectedText"": ""It looks"", ""value"": ""Unspecified""}}",193,201
54,14237,3858,3,Other,0,"If you would like more information about this practice and to know your choices about not having this information used by Google AdSense, click here.","{""Other Type"": {""endIndexInSegment"": 540, ""startIndexInSegment"": 391, ""selectedText"": ""If you would like more information about this practice and to know your choices about not having this information used by Google AdSense, click here."", ""value"": ""Other""}}",391,540
55,16036,3858,3,Third Party Sharing/Collection,1,Google,"{""Third Party Entity"": {""selectedText"": ""Google"", ""startIndexInSegment"": 43, ""endIndexInSegment"": 49, ""value"": ""Named third party""}, ""Choice Scope"": {""selectedText"": ""null"", ""startIndexInSegment"": -1, ""endIndexInSegment"": -1, ""value"": ""not-selected""}, ""Purpose"": {""selectedText"": ""serve ads"", ""startIndexInSegment"": 58, ""endIndexInSegment"": 67, ""value"": ""Advertising""}, ""Personal Information Type"": {""selectedText"": ""use information"", ""startIndexInSegment"": 99, ""endIndexInSegment"": 114, ""value"": ""Generic personal information""}, ""Choice Type"": {""selectedText"": ""null"", ""startIndexInSegment"": -1, ""endIndexInSegment"": -1, ""value"": ""not-selected""}, ""Identifiability"": {""selectedText"": ""null"", ""startIndexInSegment"": -1, ""endIndexInSegment"": -1, ""value"": ""not-selected""}, ""Does/Does Not"": {""selectedText"": ""null"", ""startIndexInSegment"": -1, ""endIndexInSegment"": -1, ""value"": ""Does""}, ""User Type"": {""selectedText"": ""null"", ""startIndexInSegment"": -1, ""endIndexInSegment"": -1, ""value"": ""not-selected""}, ""Action Third Party"": {""selectedText"": ""our website"", ""startIndexInSegment"": 83, ""endIndexInSegment"": 94, ""value"": ""Track on first party website/app""}}",43,49
56,16036,3858,3,Third Party Sharing/Collection,1,serve ads,"{""Third Party Entity"": {""selectedText"": ""Google"", ""startIndexInSegment"": 43, ""endIndexInSegment"": 49, ""value"": ""Named third party""}, ""Choice Scope"": {""selectedText"": ""null"", ""startIndexInSegment"": -1, ""endIndexInSegment"": -1, ""value"": ""not-selected""}, ""Purpose"": {""selectedText"": ""serve ads"", ""startIndexInSegment"": 58, ""endIndexInSegment"": 67, ""value"": ""Advertising""}, ""Personal Information Type"": {""selectedText"": ""use information"", ""startIndexInSegment"": 99, ""endIndexInSegment"": 114, ""value"": ""Generic personal information""}, ""Choice Type"": {""selectedText"": ""null"", ""startIndexInSegment"": -1, ""endIndexInSegment"": -1, ""value"": ""not-selected""}, ""Identifiability"": {""selectedText"": ""null"", ""startIndexInSegment"": -1, ""endIndexInSegment"": -1, ""value"": ""not-selected""}, ""Does/Does Not"": {""selectedText"": ""null"", ""startIndexInSegment"": -1, ""endIndexInSegment"": -1, ""value"": ""Does""}, ""User Type"": {""selectedText"": ""null"", ""startIndexInSegment"": -1, ""endIndexInSegment"": -1, ""value"": ""not-selected""}, ""Action Third Party"": {""selectedText"": ""our website"", ""startIndexInSegment"": 83, ""endIndexInSegment"": 94, ""value"": ""Track on first party website/app""}}",58,67
57,16036,3858,3,Third Party Sharing/Collection,1,use information,"{""Third Party Entity"": {""selectedText"": ""Google"", ""startIndexInSegment"": 43, ""endIndexInSegment"": 49, ""value"": ""Named third party""}, ""Choice Scope"": {""selectedText"": ""null"", ""startIndexInSegment"": -1, ""endIndexInSegment"": -1, ""value"": ""not-selected""}, ""Purpose"": {""selectedText"": ""serve ads"", ""startIndexInSegment"": 58, ""endIndexInSegment"": 67, ""value"": ""Advertising""}, ""Personal Information Type"": {""selectedText"": ""use information"", ""startIndexInSegment"": 99, ""endIndexInSegment"": 114, ""value"": ""Generic personal information""}, ""Choice Type"": {""selectedText"": ""null"", ""startIndexInSegment"": -1, ""endIndexInSegment"": -1, ""value"": ""not-selected""}, ""Identifiability"": {""selectedText"": ""null"", ""startIndexInSegment"": -1, ""endIndexInSegment"": -1, ""value"": ""not-selected""}, ""Does/Does Not"": {""selectedText"": ""null"", ""startIndexInSegment"": -1, ""endIndexInSegment"": -1, ""value"": ""Does""}, ""User Type"": {""selectedText"": ""null"", ""startIndexInSegment"": -1, ""endIndexInSegment"": -1, ""value"": ""not-selected""}, ""Action Third Party"": {""selectedText"": ""our website"", ""startIndexInSegment"": 83, ""endIndexInSegment"": 94, ""value"": ""Track on first party website/app""}}",99,114
58,16036,3858,3,Third Party Sharing/Collection,1,our website,"{""Third Party Entity"": {""selectedText"": ""Google"", ""startIndexInSegment"": 43, ""endIndexInSegment"": 49, ""value"": ""Named third party""}, ""Choice Scope"": {""selectedText"": ""null"", ""startIndexInSegment"": -1, ""endIndexInSegment"": -1, ""value"": ""not-selected""}, ""Purpose"": {""selectedText"": ""serve ads"", ""startIndexInSegment"": 58, ""endIndexInSegment"": 67, ""value"": ""Advertising""}, ""Personal Information Type"": {""selectedText"": ""use information"", ""startIndexInSegment"": 99, ""endIndexInSegment"": 114, ""value"": ""Generic personal information""}, ""Choice Type"": {""selectedText"": ""null"", ""startIndexInSegment"": -1, ""endIndexInSegment"": -1, ""value"": ""not-selected""}, ""Identifiability"": {""selectedText"": ""null"", ""startIndexInSegment"": -1, ""endIndexInSegment"": -1, ""value"": ""not-selected""}, ""Does/Does Not"": {""selectedText"": ""null"", ""startIndexInSegment"": -1, ""endIndexInSegment"": -1, ""value"": ""Does""}, ""User Type"": {""selectedText"": ""null"", ""startIndexInSegment"": -1, ""endIndexInSegment"": -1, ""value"": ""not-selected""}, ""Action Third Party"": {""selectedText"": ""our website"", ""startIndexInSegment"": 83, ""endIndexInSegment"": 94, ""value"": ""Track on first party website/app""}}",83,94
59,16037,3858,3,Third Party Sharing/Collection,1,Google,"{""Third Party Entity"": {""selectedText"": ""Google"", ""startIndexInSegment"": 43, ""endIndexInSegment"": 49, ""value"": ""Named third party""}, ""Choice Scope"": {""selectedText"": ""null"", ""startIndexInSegment"": -1, ""endIndexInSegment"": -1, ""value"": ""not-selected""}, ""Purpose"": {""selectedText"": ""serve ads"", ""startIndexInSegment"": 58, ""endIndexInSegment"": 67, ""value"": ""Advertising""}, ""Personal Information Type"": {""selectedText"": ""collect your name, address, email address or telephone number"", ""startIndexInSegment"": 202, ""endIndexInSegment"": 263, ""value"": ""Contact""}, ""Choice Type"": {""selectedText"": ""null"", ""startIndexInSegment"": -1, ""endIndexInSegment"": -1, ""value"": ""not-selected""}, ""Identifiability"": {""selectedText"": ""null"", ""startIndexInSegment"": -1, ""endIndexInSegment"": -1, ""value"": ""not-selected""}, ""Does/Does Not"": {""selectedText"": ""will not"", ""startIndexInSegment"": 193, ""endIndexInSegment"": 201, ""value"": ""Does Not""}, ""User Type"": {""selectedText"": ""null"", ""startIndexInSegment"": -1, ""endIndexInSegment"": -1, ""value"": ""not-selected""}, ""Action Third Party"": {""selectedText"": ""our website"", ""startIndexInSegment"": 83, ""endIndexInSegment"": 94, ""value"": ""Track on first party website/app""}}",43,49
60,16037,3858,3,Third Party Sharing/Collection,1,serve ads,"{""Third Party Entity"": {""selectedText"": ""Google"", ""startIndexInSegment"": 43, ""endIndexInSegment"": 49, ""value"": ""Named third party""}, ""Choice Scope"": {""selectedText"": ""null"", ""startIndexInSegment"": -1, ""endIndexInSegment"": -1, ""value"": ""not-selected""}, ""Purpose"": {""selectedText"": ""serve ads"", ""startIndexInSegment"": 58, ""endIndexInSegment"": 67, ""value"": ""Advertising""}, ""Personal Information Type"": {""selectedText"": ""collect your name, address, email address or telephone number"", ""startIndexInSegment"": 202, ""endIndexInSegment"": 263, ""value"": ""Contact""}, ""Choice Type"": {""selectedText"": ""null"", ""startIndexInSegment"": -1, ""endIndexInSegment"": -1, ""value"": ""not-selected""}, ""Identifiability"": {""selectedText"": ""null"", ""startIndexInSegment"": -1, ""endIndexInSegment"": -1, ""value"": ""not-selected""}, ""Does/Does Not"": {""selectedText"": ""will not"", ""startIndexInSegment"": 193, ""endIndexInSegment"": 201, ""value"": ""Does Not""}, ""User Type"": {""selectedText"": ""null"", ""startIndexInSegment"": -1, ""endIndexInSegment"": -1, ""value"": ""not-selected""}, ""Action Third Party"": {""selectedText"": ""our website"", ""startIndexInSegment"": 83, ""endIndexInSegment"": 94, ""value"": ""Track on first party website/app""}}",58,67
61,16037,3858,3,Third Party Sharing/Collection,1,"collect your name, address, email address or telephone number","{""Third Party Entity"": {""selectedText"": ""Google"", ""startIndexInSegment"": 43, ""endIndexInSegment"": 49, ""value"": ""Named third party""}, ""Choice Scope"": {""selectedText"": ""null"", ""startIndexInSegment"": -1, ""endIndexInSegment"": -1, ""value"": ""not-selected""}, ""Purpose"": {""selectedText"": ""serve ads"", ""startIndexInSegment"": 58, ""endIndexInSegment"": 67, ""value"": ""Advertising""}, ""Personal Information Type"": {""selectedText"": ""collect your name, address, email address or telephone number"", ""startIndexInSegment"": 202, ""endIndexInSegment"": 263, ""value"": ""Contact""}, ""Choice Type"": {""selectedText"": ""null"", ""startIndexInSegment"": -1, ""endIndexInSegment"": -1, ""value"": ""not-selected""}, ""Identifiability"": {""selectedText"": ""null"", ""startIndexInSegment"": -1, ""endIndexInSegment"": -1, ""value"": ""not-selected""}, ""Does/Does Not"": {""selectedText"": ""will not"", ""startIndexInSegment"": 193, ""endIndexInSegment"": 201, ""value"": ""Does Not""}, ""User Type"": {""selectedText"": ""null"", ""startIndexInSegment"": -1, ""endIndexInSegment"": -1, ""value"": ""not-selected""}, ""Action Third Party"": {""selectedText"": ""our website"", ""startIndexInSegment"": 83, ""endIndexInSegment"": 94, ""value"": ""Track on first party website/app""}}",202,263
62,16037,3858,3,Third Party Sharing/Collection,1,our website,"{""Third Party Entity"": {""selectedText"": ""Google"", ""startIndexInSegment"": 43, ""endIndexInSegment"": 49, ""value"": ""Named third party""}, ""Choice Scope"": {""selectedText"": ""null"", ""startIndexInSegment"": -1, ""endIndexInSegment"": -1, ""value"": ""not-selected""}, ""Purpose"": {""selectedText"": ""serve ads"", ""startIndexInSegment"": 58, ""endIndexInSegment"": 67, ""value"": ""Advertising""}, ""Personal Information Type"": {""selectedText"": ""collect your name, address, email address or telephone number"", ""startIndexInSegment"": 202, ""endIndexInSegment"": 263, ""value"": ""Contact""}, ""Choice Type"": {""selectedText"": ""null"", ""startIndexInSegment"": -1, ""endIndexInSegment"": -1, ""value"": ""not-selected""}, ""Identifiability"": {""selectedText"": ""null"", ""startIndexInSegment"": -1, ""endIndexInSegment"": -1, ""value"": ""not-selected""}, ""Does/Does Not"": {""selectedText"": ""will not"", ""startIndexInSegment"": 193, ""endIndexInSegment"": 201, ""value"": ""Does Not""}, ""User Type"": {""selectedText"": ""null"", ""startIndexInSegment"": -1, ""endIndexInSegment"": -1, ""value"": ""not-selected""}, ""Action Third Party"": {""selectedText"": ""our website"", ""startIndexInSegment"": 83, ""endIndexInSegment"": 94, ""value"": ""Track on first party website/app""}}",83,94
63,16037,3858,3,Third Party Sharing/Collection,1,will not,"{""Third Party Entity"": {""selectedText"": ""Google"", ""startIndexInSegment"": 43, ""endIndexInSegment"": 49, ""value"": ""Named third party""}, ""Choice Scope"": {""selectedText"": ""null"", ""startIndexInSegment"": -1, ""endIndexInSegment"": -1, ""value"": ""not-selected""}, ""Purpose"": {""selectedText"": ""serve ads"", ""startIndexInSegment"": 58, ""endIndexInSegment"": 67, ""value"": ""Advertising""}, ""Personal Information Type"": {""selectedText"": ""collect your name, address, email address or telephone number"", ""startIndexInSegment"": 202, ""endIndexInSegment"": 263, ""value"": ""Contact""}, ""Choice Type"": {""selectedText"": ""null"", ""startIndexInSegment"": -1, ""endIndexInSegment"": -1, ""value"": ""not-selected""}, ""Identifiability"": {""selectedText"": ""null"", ""startIndexInSegment"": -1, ""endIndexInSegment"": -1, ""value"": ""not-selected""}, ""Does/Does Not"": {""selectedText"": ""will not"", ""startIndexInSegment"": 193, ""endIndexInSegment"": 201, ""value"": ""Does Not""}, ""User Type"": {""selectedText"": ""null"", ""startIndexInSegment"": -1, ""endIndexInSegment"": -1, ""value"": ""not-selected""}, ""Action Third Party"": {""selectedText"": ""our website"", ""startIndexInSegment"": 83, ""endIndexInSegment"": 94, ""value"": ""Track on first party website/app""}}",193,201
